date|prediction|cible
1999-01-04||
1999-01-05||
1999-01-06||
1999-01-07||
1999-01-08||
1999-01-11||
1999-01-12||
1999-01-13||
1999-01-14||
1999-01-15||
1999-01-19||
1999-01-20||
1999-01-21||
1999-01-22||
1999-01-25||
1999-01-26||
1999-01-27||
1999-01-28||
1999-01-29||
1999-02-01||
1999-02-02||
1999-02-03||
1999-02-04||
1999-02-05||
1999-02-08||
1999-02-09||
1999-02-10||
1999-02-11||
1999-02-12||
1999-02-16||
1999-02-17||
1999-02-18||
1999-02-19||
1999-02-22||
1999-02-23||
1999-02-24||
1999-02-25||
1999-02-26||
1999-03-01||
1999-03-02||
1999-03-03||
1999-03-04||
1999-03-05||
1999-03-08||
1999-03-09||
1999-03-10||
1999-03-11||
1999-03-12||
1999-03-15||
1999-03-16||
1999-03-17||
1999-03-18||
1999-03-19||
1999-03-22||
1999-03-23||
1999-03-24||
1999-03-25||
1999-03-26||
1999-03-29||
1999-03-30||
1999-03-31||
1999-04-01||
1999-04-05||
1999-04-06||
1999-04-07||
1999-04-08||
1999-04-09||
1999-04-12||
1999-04-13||
1999-04-14||
1999-04-15||
1999-04-16||
1999-04-19||
1999-04-20||
1999-04-21||
1999-04-22||
1999-04-23||
1999-04-26||
1999-04-27||
1999-04-28||
1999-04-29||
1999-04-30||
1999-05-03||
1999-05-04||
1999-05-05||
1999-05-06||
1999-05-07||
1999-05-10||
1999-05-11||
1999-05-12||
1999-05-13||
1999-05-14||
1999-05-17||
1999-05-18||
1999-05-19||
1999-05-20||
1999-05-21||
1999-05-24||
1999-05-25||
1999-05-26||
1999-05-27||
1999-05-28||
1999-06-01||
1999-06-02||
1999-06-03||
1999-06-04||
1999-06-07||
1999-06-08||
1999-06-09||
1999-06-10||
1999-06-11||
1999-06-14||
1999-06-15||
1999-06-16||
1999-06-17||
1999-06-18||
1999-06-21||
1999-06-22||
1999-06-23||
1999-06-24||
1999-06-25||
1999-06-28||
1999-06-29||
1999-06-30||
1999-07-01||
1999-07-02||
1999-07-06||
1999-07-07||
1999-07-08||
1999-07-09||
1999-07-12||
1999-07-13||
1999-07-14||
1999-07-15||
1999-07-16||
1999-07-19||
1999-07-20||
1999-07-21||
1999-07-22||
1999-07-23||
1999-07-26||
1999-07-27||
1999-07-28||
1999-07-29||
1999-07-30||
1999-08-02||
1999-08-03||
1999-08-04||
1999-08-05||
1999-08-06||
1999-08-09||
1999-08-10||
1999-08-11||
1999-08-12||
1999-08-13||
1999-08-16||
1999-08-17||
1999-08-18||
1999-08-19||
1999-08-20||
1999-08-23||
1999-08-24||
1999-08-25||
1999-08-26||
1999-08-27||
1999-08-30||
1999-08-31||
1999-09-01||
1999-09-02||
1999-09-03||
1999-09-07||
1999-09-08||
1999-09-09||
1999-09-10||
1999-09-13||
1999-09-14||
1999-09-15||
1999-09-16||
1999-09-17||
1999-09-20||
1999-09-21||
1999-09-22||
1999-09-23||
1999-09-24||
1999-09-27||
1999-09-28||
1999-09-29||
1999-09-30||
1999-10-01||
1999-10-04||
1999-10-05||
1999-10-06||
1999-10-07||
1999-10-08||
1999-10-11||
1999-10-12||
1999-10-13||
1999-10-14||
1999-10-15||
1999-10-18||
1999-10-19||
1999-10-20||
1999-10-21||
1999-10-22||
1999-10-25||
1999-10-26||
1999-10-27||
1999-10-28||
1999-10-29||
1999-11-01||
1999-11-02||
1999-11-03||
1999-11-04||
1999-11-05||
1999-11-08||
1999-11-09||
1999-11-10||
1999-11-11||
1999-11-12||
1999-11-15||
1999-11-16||
1999-11-17||
1999-11-18||
1999-11-19||
1999-11-22||
1999-11-23||
1999-11-24||
1999-11-26||
1999-11-29||
1999-11-30||
1999-12-01||
1999-12-02||
1999-12-03||
1999-12-06||
1999-12-07||
1999-12-08||
1999-12-09||
1999-12-10||
1999-12-13||
1999-12-14||
1999-12-15||
1999-12-16||
1999-12-17||
1999-12-20||
1999-12-21||
1999-12-22||
1999-12-23||
1999-12-27||
1999-12-28||
1999-12-29||
1999-12-30||
1999-12-31||
2000-01-03||
2000-01-04||
2000-01-05||
2000-01-06||
2000-01-07||
2000-01-10||
2000-01-11||
2000-01-12||
2000-01-13||
2000-01-14||
2000-01-18||
2000-01-19||
2000-01-20||
2000-01-21||
2000-01-24||
2000-01-25||
2000-01-26||
2000-01-27||
2000-01-28||
2000-01-31||
2000-02-01||
2000-02-02||
2000-02-03||
2000-02-04||
2000-02-07||
2000-02-08||
2000-02-09||
2000-02-10||
2000-02-11||
2000-02-14||
2000-02-15||
2000-02-16||
2000-02-17||
2000-02-18||
2000-02-22||
2000-02-23||
2000-02-24||
2000-02-25||
2000-02-28||
2000-02-29||
2000-03-01||
2000-03-02||
2000-03-03||
2000-03-06||
2000-03-07||
2000-03-08||
2000-03-09||
2000-03-10||
2000-03-13||
2000-03-14||
2000-03-15||
2000-03-16||
2000-03-17||
2000-03-20||
2000-03-21||
2000-03-22||
2000-03-23||
2000-03-24||
2000-03-27||
2000-03-28||
2000-03-29||
2000-03-30||
2000-03-31||
2000-04-03||
2000-04-04||
2000-04-05||
2000-04-06||
2000-04-07||
2000-04-10||
2000-04-11||
2000-04-12||
2000-04-13||
2000-04-14||
2000-04-17||
2000-04-18||
2000-04-19||
2000-04-20||
2000-04-24||
2000-04-25||
2000-04-26||
2000-04-27||
2000-04-28||
2000-05-01||
2000-05-02||
2000-05-03||
2000-05-04||
2000-05-05||
2000-05-08||
2000-05-09||
2000-05-10||
2000-05-11||
2000-05-12||
2000-05-15||
2000-05-16||
2000-05-17||
2000-05-18||
2000-05-19||
2000-05-22||
2000-05-23||
2000-05-24||
2000-05-25||
2000-05-26||
2000-05-30||
2000-05-31||
2000-06-01||
2000-06-02||
2000-06-05||
2000-06-06||
2000-06-07||
2000-06-08||
2000-06-09||
2000-06-12||
2000-06-13||
2000-06-14||
2000-06-15||
2000-06-16||
2000-06-19||
2000-06-20||
2000-06-21||
2000-06-22||
2000-06-23||
2000-06-26||
2000-06-27||
2000-06-28||
2000-06-29||
2000-06-30||
2000-07-03||
2000-07-05||
2000-07-06||
2000-07-07||
2000-07-10||
2000-07-11||
2000-07-12||
2000-07-13||
2000-07-14||
2000-07-17||
2000-07-18||
2000-07-19||
2000-07-20||
2000-07-21||
2000-07-24||
2000-07-25||
2000-07-26||
2000-07-27||
2000-07-28||
2000-07-31||
2000-08-01||
2000-08-02||
2000-08-03||
2000-08-04||
2000-08-07||
2000-08-08||
2000-08-09||
2000-08-10||
2000-08-11||
2000-08-14||
2000-08-15||
2000-08-16||
2000-08-17||
2000-08-18||
2000-08-21||
2000-08-22||
2000-08-23||
2000-08-24||
2000-08-25||
2000-08-28||
2000-08-29||
2000-08-30||
2000-08-31||
2000-09-01||
2000-09-05||
2000-09-06||
2000-09-07||
2000-09-08||
2000-09-11||
2000-09-12||
2000-09-13||
2000-09-14||
2000-09-15||
2000-09-18||
2000-09-19||
2000-09-20||
2000-09-21||
2000-09-22||
2000-09-25||
2000-09-26||
2000-09-27||
2000-09-28||
2000-09-29||
2000-10-02||
2000-10-03||
2000-10-04||
2000-10-05||
2000-10-06||
2000-10-09||
2000-10-10||
2000-10-11||
2000-10-12||
2000-10-13||
2000-10-16||
2000-10-17||
2000-10-18||
2000-10-19||
2000-10-20||
2000-10-23||
2000-10-24||
2000-10-25||
2000-10-26||
2000-10-27||
2000-10-30||
2000-10-31||
2000-11-01||
2000-11-02||
2000-11-03||
2000-11-06||
2000-11-07||
2000-11-08||
2000-11-09||
2000-11-10||
2000-11-13||
2000-11-14||
2000-11-15||
2000-11-16||
2000-11-17||
2000-11-20||
2000-11-21||
2000-11-22||
2000-11-24||
2000-11-27||
2000-11-28||
2000-11-29||
2000-11-30||
2000-12-01||
2000-12-04||
2000-12-05||
2000-12-06||
2000-12-07||
2000-12-08||
2000-12-11||
2000-12-12||
2000-12-13||
2000-12-14||
2000-12-15||
2000-12-18||
2000-12-19||
2000-12-20||
2000-12-21||
2000-12-22||
2000-12-26||
2000-12-27||
2000-12-28||
2000-12-29||
2001-01-02||
2001-01-03||
2001-01-04||
2001-01-05||
2001-01-08||
2001-01-09||
2001-01-10||
2001-01-11||
2001-01-12||
2001-01-16||
2001-01-17||
2001-01-18||
2001-01-19||
2001-01-22||
2001-01-23||
2001-01-24||
2001-01-25||
2001-01-26||
2001-01-29||
2001-01-30||
2001-01-31||
2001-02-01||
2001-02-02||
2001-02-05||
2001-02-06||
2001-02-07||
2001-02-08||
2001-02-09||
2001-02-12||
2001-02-13||
2001-02-14||
2001-02-15||
2001-02-16||
2001-02-20||
2001-02-21||
2001-02-22||
2001-02-23||
2001-02-26||
2001-02-27||
2001-02-28||
2001-03-01||
2001-03-02||
2001-03-05||
2001-03-06||
2001-03-07||
2001-03-08||
2001-03-09||
2001-03-12||
2001-03-13||
2001-03-14||
2001-03-15||
2001-03-16||
2001-03-19||
2001-03-20||
2001-03-21||
2001-03-22||
2001-03-23||
2001-03-26||
2001-03-27||
2001-03-28||
2001-03-29||
2001-03-30||
2001-04-02||
2001-04-03||
2001-04-04||
2001-04-05||
2001-04-06||
2001-04-09||
2001-04-10||
2001-04-11||
2001-04-12||
2001-04-16||
2001-04-17||
2001-04-18||
2001-04-19||
2001-04-20||
2001-04-23||
2001-04-24||
2001-04-25||
2001-04-26||
2001-04-27||
2001-04-30||
2001-05-01||
2001-05-02||
2001-05-03||
2001-05-04||
2001-05-07||
2001-05-08||
2001-05-09||
2001-05-10||
2001-05-11||
2001-05-14||
2001-05-15||
2001-05-16||
2001-05-17||
2001-05-18||
2001-05-21||
2001-05-22||
2001-05-23||
2001-05-24||
2001-05-25||
2001-05-29||
2001-05-30||
2001-05-31||
2001-06-01||
2001-06-04||
2001-06-05||
2001-06-06||
2001-06-07||
2001-06-08||
2001-06-11||
2001-06-12||
2001-06-13||
2001-06-14||
2001-06-15||
2001-06-18||
2001-06-19||
2001-06-20||
2001-06-21||
2001-06-22||
2001-06-25||
2001-06-26||
2001-06-27||
2001-06-28||
2001-06-29||
2001-07-02||
2001-07-03||
2001-07-05||
2001-07-06||
2001-07-09||
2001-07-10||
2001-07-11||
2001-07-12||
2001-07-13||
2001-07-16||
2001-07-17||
2001-07-18||
2001-07-19||
2001-07-20||
2001-07-23||
2001-07-24||
2001-07-25||
2001-07-26||
2001-07-27||
2001-07-30||
2001-07-31||
2001-08-01||
2001-08-02||
2001-08-03||
2001-08-06||
2001-08-07||
2001-08-08||
2001-08-09||
2001-08-10||
2001-08-13||
2001-08-14||
2001-08-15||
2001-08-16||
2001-08-17||
2001-08-20||
2001-08-21||
2001-08-22||
2001-08-23||
2001-08-24||
2001-08-27||
2001-08-28||
2001-08-29||
2001-08-30||
2001-08-31||
2001-09-04||
2001-09-05||
2001-09-06||
2001-09-07||
2001-09-10||
2001-09-17||
2001-09-18||
2001-09-19||
2001-09-20||
2001-09-21||
2001-09-24||
2001-09-25||
2001-09-26||
2001-09-27||
2001-09-28||
2001-10-01||
2001-10-02||
2001-10-03||
2001-10-04||
2001-10-05||
2001-10-08||
2001-10-09||
2001-10-10||
2001-10-11||
2001-10-12||
2001-10-15||
2001-10-16||
2001-10-17||
2001-10-18||
2001-10-19||
2001-10-22||
2001-10-23||
2001-10-24||
2001-10-25||
2001-10-26||
2001-10-29||
2001-10-30||
2001-10-31||
2001-11-01||
2001-11-02||
2001-11-05||
2001-11-06||
2001-11-07||
2001-11-08||
2001-11-09||
2001-11-12||
2001-11-13||
2001-11-14||
2001-11-15||
2001-11-16||
2001-11-19||
2001-11-20||
2001-11-21||
2001-11-23||
2001-11-26||
2001-11-27||
2001-11-28||
2001-11-29||
2001-11-30||
2001-12-03||
2001-12-04||
2001-12-05||
2001-12-06||
2001-12-07||
2001-12-10||
2001-12-11||
2001-12-12||
2001-12-13||
2001-12-14||
2001-12-17||
2001-12-18||
2001-12-19||
2001-12-20||
2001-12-21||
2001-12-24||
2001-12-26||
2001-12-27||
2001-12-28||
2001-12-31||
2002-01-02||
2002-01-03||
2002-01-04||
2002-01-07||
2002-01-08||
2002-01-09||
2002-01-10||
2002-01-11||
2002-01-14||
2002-01-15||
2002-01-16||
2002-01-17||
2002-01-18||
2002-01-22||
2002-01-23||
2002-01-24||
2002-01-25||
2002-01-28||
2002-01-29||
2002-01-30||
2002-01-31||
2002-02-01||
2002-02-04||
2002-02-05||
2002-02-06||
2002-02-07||
2002-02-08||
2002-02-11||
2002-02-12||
2002-02-13||
2002-02-14||
2002-02-15||
2002-02-19||
2002-02-20||
2002-02-21||
2002-02-22||
2002-02-25||
2002-02-26||
2002-02-27||
2002-02-28||
2002-03-01||
2002-03-04||
2002-03-05||
2002-03-06||
2002-03-07||
2002-03-08||
2002-03-11||
2002-03-12||
2002-03-13||
2002-03-14||
2002-03-15||
2002-03-18||
2002-03-19||
2002-03-20||
2002-03-21||
2002-03-22||
2002-03-25||
2002-03-26||
2002-03-27||
2002-03-28||
2002-04-01||
2002-04-02||
2002-04-03||
2002-04-04||
2002-04-05||
2002-04-08||
2002-04-09||
2002-04-10||
2002-04-11||
2002-04-12||
2002-04-15||
2002-04-16||
2002-04-17||
2002-04-18||
2002-04-19||
2002-04-22||
2002-04-23||
2002-04-24||
2002-04-25||
2002-04-26||
2002-04-29||
2002-04-30||
2002-05-01||
2002-05-02||
2002-05-03||
2002-05-06||
2002-05-07||
2002-05-08||
2002-05-09||
2002-05-10||
2002-05-13||
2002-05-14||
2002-05-15||
2002-05-16||
2002-05-17||
2002-05-20||
2002-05-21||
2002-05-22||
2002-05-23||
2002-05-24||
2002-05-28||
2002-05-29||
2002-05-30||
2002-05-31||
2002-06-03||
2002-06-04||
2002-06-05||
2002-06-06||
2002-06-07||
2002-06-10||
2002-06-11||
2002-06-12||
2002-06-13||
2002-06-14||
2002-06-17||
2002-06-18||
2002-06-19||
2002-06-20||
2002-06-21||
2002-06-24||
2002-06-25||
2002-06-26||
2002-06-27||
2002-06-28||
2002-07-01||
2002-07-02||
2002-07-03||
2002-07-05||
2002-07-08||
2002-07-09||
2002-07-10||
2002-07-11||
2002-07-12||
2002-07-15||
2002-07-16||
2002-07-17||
2002-07-18||
2002-07-19||
2002-07-22||
2002-07-23||
2002-07-24||
2002-07-25||
2002-07-26||
2002-07-29||
2002-07-30||
2002-07-31||
2002-08-01||
2002-08-02||
2002-08-05||
2002-08-06||
2002-08-07||
2002-08-08||
2002-08-09||
2002-08-12||
2002-08-13||
2002-08-14||
2002-08-15||
2002-08-16||
2002-08-19||
2002-08-20||
2002-08-21||
2002-08-22||
2002-08-23||
2002-08-26||
2002-08-27||
2002-08-28||
2002-08-29||
2002-08-30||
2002-09-03||
2002-09-04||
2002-09-05||
2002-09-06||
2002-09-09||
2002-09-10||
2002-09-11||
2002-09-12||
2002-09-13||
2002-09-16||
2002-09-17||
2002-09-18||
2002-09-19||
2002-09-20||
2002-09-23||
2002-09-24||
2002-09-25||
2002-09-26||
2002-09-27||
2002-09-30||
2002-10-01||
2002-10-02||
2002-10-03||
2002-10-04||
2002-10-07||
2002-10-08||
2002-10-09||
2002-10-10||
2002-10-11||
2002-10-14||
2002-10-15||
2002-10-16||
2002-10-17||
2002-10-18||
2002-10-21||
2002-10-22||
2002-10-23||
2002-10-24||
2002-10-25||
2002-10-28||
2002-10-29||
2002-10-30||
2002-10-31||
2002-11-01||
2002-11-04||
2002-11-05||
2002-11-06||
2002-11-07||
2002-11-08||
2002-11-11||
2002-11-12||
2002-11-13||
2002-11-14||
2002-11-15||
2002-11-18||
2002-11-19||
2002-11-20||
2002-11-21||
2002-11-22||
2002-11-25||
2002-11-26||
2002-11-27||
2002-11-29||
2002-12-02||
2002-12-03||
2002-12-04||
2002-12-05||
2002-12-06||
2002-12-09||
2002-12-10||
2002-12-11||
2002-12-12||
2002-12-13||
2002-12-16||
2002-12-17||
2002-12-18||
2002-12-19||
2002-12-20||
2002-12-23||
2002-12-24||
2002-12-26||
2002-12-27||
2002-12-30||
2002-12-31||
2003-01-02||
2003-01-03||
2003-01-06||
2003-01-07||
2003-01-08||
2003-01-09||
2003-01-10||
2003-01-13||
2003-01-14||
2003-01-15||
2003-01-16||
2003-01-17||
2003-01-21||
2003-01-22||
2003-01-23||
2003-01-24||
2003-01-27||
2003-01-28||
2003-01-29||
2003-01-30||
2003-01-31||
2003-02-03||
2003-02-04||
2003-02-05||
2003-02-06||
2003-02-07||
2003-02-10||
2003-02-11||
2003-02-12||
2003-02-13||
2003-02-14||
2003-02-18||
2003-02-19||
2003-02-20||
2003-02-21||
2003-02-24||
2003-02-25||
2003-02-26||
2003-02-27||
2003-02-28||
2003-03-03||
2003-03-04||
2003-03-05||
2003-03-06||
2003-03-07||
2003-03-10||
2003-03-11||
2003-03-12||
2003-03-13||
2003-03-14||
2003-03-17||
2003-03-18||
2003-03-19||
2003-03-20||
2003-03-21||
2003-03-24||
2003-03-25||
2003-03-26||
2003-03-27||
2003-03-28||
2003-03-31||
2003-04-01||
2003-04-02||
2003-04-03||
2003-04-04||
2003-04-07||
2003-04-08||
2003-04-09||
2003-04-10||
2003-04-11||
2003-04-14||
2003-04-15||
2003-04-16||
2003-04-17||
2003-04-21||
2003-04-22||
2003-04-23||
2003-04-24||
2003-04-25||
2003-04-28||
2003-04-29||
2003-04-30||
2003-05-01||
2003-05-02||
2003-05-05||
2003-05-06||
2003-05-07||
2003-05-08||
2003-05-09||
2003-05-12||
2003-05-13||
2003-05-14||
2003-05-15||
2003-05-16||
2003-05-19||
2003-05-20||
2003-05-21||
2003-05-22||
2003-05-23||
2003-05-27||
2003-05-28||
2003-05-29||
2003-05-30||
2003-06-02||
2003-06-03||
2003-06-04||
2003-06-05||
2003-06-06||
2003-06-09||
2003-06-10||
2003-06-11||
2003-06-12||
2003-06-13||
2003-06-16||
2003-06-17||
2003-06-18||
2003-06-19||
2003-06-20||
2003-06-23||
2003-06-24||
2003-06-25||
2003-06-26||
2003-06-27||
2003-06-30||
2003-07-01||
2003-07-02||
2003-07-03||
2003-07-07||
2003-07-08||
2003-07-09||
2003-07-10||
2003-07-11||
2003-07-14||
2003-07-15||
2003-07-16||
2003-07-17||
2003-07-18||
2003-07-21||
2003-07-22||
2003-07-23||
2003-07-24||
2003-07-25||
2003-07-28||
2003-07-29||
2003-07-30||
2003-07-31||
2003-08-01||
2003-08-04||
2003-08-05||
2003-08-06||
2003-08-07||
2003-08-08||
2003-08-11||
2003-08-12||
2003-08-13||
2003-08-14||
2003-08-15||
2003-08-18||
2003-08-19||
2003-08-20||
2003-08-21||
2003-08-22||
2003-08-25||
2003-08-26||
2003-08-27||
2003-08-28||
2003-08-29||
2003-09-02||
2003-09-03||
2003-09-04||
2003-09-05||
2003-09-08||
2003-09-09||
2003-09-10||
2003-09-11||
2003-09-12||
2003-09-15||
2003-09-16||
2003-09-17||
2003-09-18||
2003-09-19||
2003-09-22||
2003-09-23||
2003-09-24||
2003-09-25||
2003-09-26||
2003-09-29||
2003-09-30||
2003-10-01||
2003-10-02||
2003-10-03||
2003-10-06||
2003-10-07||
2003-10-08||
2003-10-09||
2003-10-10||
2003-10-13||
2003-10-14||
2003-10-15||
2003-10-16||
2003-10-17||
2003-10-20||
2003-10-21||
2003-10-22||
2003-10-23||
2003-10-24||
2003-10-27||
2003-10-28||
2003-10-29||
2003-10-30||
2003-10-31||
2003-11-03||
2003-11-04||
2003-11-05||
2003-11-06||
2003-11-07||
2003-11-10||
2003-11-11||
2003-11-12||
2003-11-13||
2003-11-14||
2003-11-17||
2003-11-18||
2003-11-19||
2003-11-20||
2003-11-21||
2003-11-24||
2003-11-25||
2003-11-26||
2003-11-28||
2003-12-01||
2003-12-02||
2003-12-03||
2003-12-04||
2003-12-05||
2003-12-08||
2003-12-09||
2003-12-10||
2003-12-11||
2003-12-12||
2003-12-15||
2003-12-16||
2003-12-17||
2003-12-18||
2003-12-19||
2003-12-22||
2003-12-23||
2003-12-24||
2003-12-26||
2003-12-29||
2003-12-30||
2003-12-31||
2004-01-02||
2004-01-05||
2004-01-06||
2004-01-07||
2004-01-08||
2004-01-09||
2004-01-12||
2004-01-13||
2004-01-14||
2004-01-15||
2004-01-16||
2004-01-20||
2004-01-21||
2004-01-22||
2004-01-23||
2004-01-26||
2004-01-27||
2004-01-28||
2004-01-29||
2004-01-30||
2004-02-02||
2004-02-03||
2004-02-04||
2004-02-05||
2004-02-06||
2004-02-09||
2004-02-10||
2004-02-11||
2004-02-12||
2004-02-13||
2004-02-17||
2004-02-18||
2004-02-19||
2004-02-20||
2004-02-23||
2004-02-24||
2004-02-25||
2004-02-26||
2004-02-27||
2004-03-01||
2004-03-02||
2004-03-03||
2004-03-04||
2004-03-05||
2004-03-08||
2004-03-09||
2004-03-10||
2004-03-11||
2004-03-12||
2004-03-15||
2004-03-16||
2004-03-17||
2004-03-18||
2004-03-19||
2004-03-22||
2004-03-23||
2004-03-24||
2004-03-25||
2004-03-26||
2004-03-29||
2004-03-30||
2004-03-31||
2004-04-01||
2004-04-02||
2004-04-05||
2004-04-06||
2004-04-07||
2004-04-08||
2004-04-12||
2004-04-13||
2004-04-14||
2004-04-15||
2004-04-16||
2004-04-19||
2004-04-20||
2004-04-21||
2004-04-22||
2004-04-23||
2004-04-26||
2004-04-27||
2004-04-28||
2004-04-29||
2004-04-30||
2004-05-03||
2004-05-04||
2004-05-05||
2004-05-06||
2004-05-07||
2004-05-10||
2004-05-11||
2004-05-12||
2004-05-13||
2004-05-14||
2004-05-17||
2004-05-18||
2004-05-19||
2004-05-20||
2004-05-21||
2004-05-24||
2004-05-25||
2004-05-26||
2004-05-27||
2004-05-28||
2004-06-01||
2004-06-02||
2004-06-03||
2004-06-04||
2004-06-07||
2004-06-08||
2004-06-09||
2004-06-10||
2004-06-14||
2004-06-15||
2004-06-16||
2004-06-17||
2004-06-18||
2004-06-21||
2004-06-22||
2004-06-23||
2004-06-24||
2004-06-25||
2004-06-28||
2004-06-29||
2004-06-30||
2004-07-01||
2004-07-02||
2004-07-06||
2004-07-07||
2004-07-08||
2004-07-09||
2004-07-12||
2004-07-13||
2004-07-14||
2004-07-15||
2004-07-16||
2004-07-19||
2004-07-20||
2004-07-21||
2004-07-22||
2004-07-23||
2004-07-26||
2004-07-27||
2004-07-28||
2004-07-29||
2004-07-30||
2004-08-02||
2004-08-03||
2004-08-04||
2004-08-05||
2004-08-06||
2004-08-09||
2004-08-10||
2004-08-11||
2004-08-12||
2004-08-13||
2004-08-16||
2004-08-17||
2004-08-18||
2004-08-19||
2004-08-20||
2004-08-23||
2004-08-24||
2004-08-25||
2004-08-26||
2004-08-27||
2004-08-30||
2004-08-31||
2004-09-01||
2004-09-02||
2004-09-03||
2004-09-07||
2004-09-08||
2004-09-09||
2004-09-10||
2004-09-13||
2004-09-14||
2004-09-15||
2004-09-16||
2004-09-17||
2004-09-20||
2004-09-21||
2004-09-22||
2004-09-23||
2004-09-24||
2004-09-27||
2004-09-28||
2004-09-29||
2004-09-30||
2004-10-01||
2004-10-04||
2004-10-05||
2004-10-06||
2004-10-07||
2004-10-08||
2004-10-11||
2004-10-12||
2004-10-13||
2004-10-14||
2004-10-15||
2004-10-18||
2004-10-19||
2004-10-20||
2004-10-21||
2004-10-22||
2004-10-25||
2004-10-26||
2004-10-27||
2004-10-28||
2004-10-29||
2004-11-01||
2004-11-02||
2004-11-03||
2004-11-04||
2004-11-05||
2004-11-08||
2004-11-09||
2004-11-10||
2004-11-11||
2004-11-12||
2004-11-15||
2004-11-16||
2004-11-17||
2004-11-18||
2004-11-19||
2004-11-22||
2004-11-23||
2004-11-24||
2004-11-26||
2004-11-29||
2004-11-30||
2004-12-01||
2004-12-02||
2004-12-03||
2004-12-06||
2004-12-07||
2004-12-08||
2004-12-09||
2004-12-10||
2004-12-13||
2004-12-14||
2004-12-15||
2004-12-16||
2004-12-17||
2004-12-20||
2004-12-21||
2004-12-22||
2004-12-23||
2004-12-27||
2004-12-28||
2004-12-29||
2004-12-30||
2004-12-31||
2005-01-03||
2005-01-04||
2005-01-05||
2005-01-06||
2005-01-07||
2005-01-10||
2005-01-11||
2005-01-12||
2005-01-13||
2005-01-14||
2005-01-18||
2005-01-19||
2005-01-20||
2005-01-21||
2005-01-24||
2005-01-25||
2005-01-26||
2005-01-27||
2005-01-28||
2005-01-31||
2005-02-01||
2005-02-02||
2005-02-03||
2005-02-04||
2005-02-07||
2005-02-08||
2005-02-09||
2005-02-10||
2005-02-11||
2005-02-14||
2005-02-15||
2005-02-16||
2005-02-17||
2005-02-18||
2005-02-22||
2005-02-23||
2005-02-24||
2005-02-25||
2005-02-28||
2005-03-01||
2005-03-02||
2005-03-03||
2005-03-04||
2005-03-07||
2005-03-08||
2005-03-09||
2005-03-10||
2005-03-11||
2005-03-14||
2005-03-15||
2005-03-16||
2005-03-17||
2005-03-18||
2005-03-21||
2005-03-22||
2005-03-23||
2005-03-24||
2005-03-28||
2005-03-29||
2005-03-30||
2005-03-31||
2005-04-01||
2005-04-04||
2005-04-05||
2005-04-06||
2005-04-07||
2005-04-08||
2005-04-11||
2005-04-12||
2005-04-13||
2005-04-14||
2005-04-15||
2005-04-18||
2005-04-19||
2005-04-20||
2005-04-21||
2005-04-22||
2005-04-25||
2005-04-26||
2005-04-27||
2005-04-28||
2005-04-29||
2005-05-02||
2005-05-03||
2005-05-04||
2005-05-05||
2005-05-06||
2005-05-09||
2005-05-10||
2005-05-11||
2005-05-12||
2005-05-13||
2005-05-16||
2005-05-17||
2005-05-18||
2005-05-19||
2005-05-20||
2005-05-23||
2005-05-24||
2005-05-25||
2005-05-26||
2005-05-27||
2005-05-31||
2005-06-01||
2005-06-02||
2005-06-03||
2005-06-06||
2005-06-07||
2005-06-08||
2005-06-09||
2005-06-10||
2005-06-13||
2005-06-14||
2005-06-15||
2005-06-16||
2005-06-17||
2005-06-20||
2005-06-21||
2005-06-22||
2005-06-23||
2005-06-24||
2005-06-27||
2005-06-28||
2005-06-29||
2005-06-30||
2005-07-01||
2005-07-05||
2005-07-06||
2005-07-07||
2005-07-08||
2005-07-11||
2005-07-12||
2005-07-13||
2005-07-14||
2005-07-15||
2005-07-18||
2005-07-19||
2005-07-20||
2005-07-21||
2005-07-22||
2005-07-25||
2005-07-26||
2005-07-27||
2005-07-28||
2005-07-29||
2005-08-01||
2005-08-02||
2005-08-03||
2005-08-04||
2005-08-05||
2005-08-08||
2005-08-09||
2005-08-10||
2005-08-11||
2005-08-12||
2005-08-15||
2005-08-16||
2005-08-17||
2005-08-18||
2005-08-19||
2005-08-22||
2005-08-23||
2005-08-24||
2005-08-25||
2005-08-26||
2005-08-29||
2005-08-30||
2005-08-31||
2005-09-01||
2005-09-02||
2005-09-06||
2005-09-07||
2005-09-08||
2005-09-09||
2005-09-12||
2005-09-13||
2005-09-14||
2005-09-15||
2005-09-16||
2005-09-19||
2005-09-20||
2005-09-21||
2005-09-22||
2005-09-23||
2005-09-26||
2005-09-27||
2005-09-28||
2005-09-29||
2005-09-30||
2005-10-03||
2005-10-04||
2005-10-05||
2005-10-06||
2005-10-07||
2005-10-10||
2005-10-11||
2005-10-12||
2005-10-13||
2005-10-14||
2005-10-17||
2005-10-18||
2005-10-19||
2005-10-20||
2005-10-21||
2005-10-24||
2005-10-25||
2005-10-26||
2005-10-27||
2005-10-28||
2005-10-31||
2005-11-01||
2005-11-02||
2005-11-03||
2005-11-04||
2005-11-07||
2005-11-08||
2005-11-09||
2005-11-10||
2005-11-11||
2005-11-14||
2005-11-15||
2005-11-16||
2005-11-17||
2005-11-18||
2005-11-21||
2005-11-22||
2005-11-23||
2005-11-25||
2005-11-28||
2005-11-29||
2005-11-30||
2005-12-01||
2005-12-02||
2005-12-05||
2005-12-06||
2005-12-07||
2005-12-08||
2005-12-09||
2005-12-12||
2005-12-13||
2005-12-14||
2005-12-15||
2005-12-16||
2005-12-19||
2005-12-20||
2005-12-21||
2005-12-22||
2005-12-23||
2005-12-27||
2005-12-28||
2005-12-29||
2005-12-30||
2006-01-03||
2006-01-04||
2006-01-05||
2006-01-06||
2006-01-09||
2006-01-10||
2006-01-11||
2006-01-12||
2006-01-13||
2006-01-17||
2006-01-18||
2006-01-19||
2006-01-20||
2006-01-23||
2006-01-24||
2006-01-25||
2006-01-26||
2006-01-27||
2006-01-30||
2006-01-31||
2006-02-01||
2006-02-02||
2006-02-03||
2006-02-06||
2006-02-07||
2006-02-08||
2006-02-09||
2006-02-10||
2006-02-13||
2006-02-14||
2006-02-15||
2006-02-16||
2006-02-17||
2006-02-21||
2006-02-22||
2006-02-23||
2006-02-24||
2006-02-27||
2006-02-28||
2006-03-01||
2006-03-02||
2006-03-03||
2006-03-06||
2006-03-07||
2006-03-08||
2006-03-09||
2006-03-10||
2006-03-13||
2006-03-14||
2006-03-15||
2006-03-16||
2006-03-17||
2006-03-20||
2006-03-21||
2006-03-22||
2006-03-23||
2006-03-24||
2006-03-27||
2006-03-28||
2006-03-29||
2006-03-30||
2006-03-31||
2006-04-03||
2006-04-04||
2006-04-05||
2006-04-06||
2006-04-07||
2006-04-10||
2006-04-11||
2006-04-12||
2006-04-13||
2006-04-17||
2006-04-18||
2006-04-19||
2006-04-20||
2006-04-21||
2006-04-24||
2006-04-25||
2006-04-26||
2006-04-27||
2006-04-28||
2006-05-01||
2006-05-02||
2006-05-03||
2006-05-04||
2006-05-05||
2006-05-08||
2006-05-09||
2006-05-10||
2006-05-11||
2006-05-12||
2006-05-15||
2006-05-16||
2006-05-17||
2006-05-18||
2006-05-19||
2006-05-22||
2006-05-23||
2006-05-24||
2006-05-25||
2006-05-26||
2006-05-30||
2006-05-31||
2006-06-01||
2006-06-02||
2006-06-05||
2006-06-06||
2006-06-07||
2006-06-08||
2006-06-09||
2006-06-12||
2006-06-13||
2006-06-14||
2006-06-15||
2006-06-16||
2006-06-19||
2006-06-20||
2006-06-21||
2006-06-22||
2006-06-23||
2006-06-26||
2006-06-27||
2006-06-28||
2006-06-29||
2006-06-30||
2006-07-03||
2006-07-05||
2006-07-06||
2006-07-07||
2006-07-10||
2006-07-11||
2006-07-12||
2006-07-13||
2006-07-14||
2006-07-17||
2006-07-18||
2006-07-19||
2006-07-20||
2006-07-21||
2006-07-24||
2006-07-25||
2006-07-26||
2006-07-27||
2006-07-28||
2006-07-31||
2006-08-01||
2006-08-02||
2006-08-03||
2006-08-04||
2006-08-07||
2006-08-08||
2006-08-09||
2006-08-10||
2006-08-11||
2006-08-14||
2006-08-15||
2006-08-16||
2006-08-17||
2006-08-18||
2006-08-21||
2006-08-22||
2006-08-23||
2006-08-24||
2006-08-25||
2006-08-28||
2006-08-29||
2006-08-30||
2006-08-31||
2006-09-01||
2006-09-05||
2006-09-06||
2006-09-07||
2006-09-08||
2006-09-11||
2006-09-12||
2006-09-13||
2006-09-14||
2006-09-15||
2006-09-18||
2006-09-19||
2006-09-20||
2006-09-21||
2006-09-22||
2006-09-25||
2006-09-26||
2006-09-27||
2006-09-28||
2006-09-29||
2006-10-02||
2006-10-03||
2006-10-04||
2006-10-05||
2006-10-06||
2006-10-09||
2006-10-10||
2006-10-11||
2006-10-12||
2006-10-13||
2006-10-16||
2006-10-17||
2006-10-18||
2006-10-19||
2006-10-20||
2006-10-23||
2006-10-24||
2006-10-25||
2006-10-26||
2006-10-27||
2006-10-30||
2006-10-31||
2006-11-01||
2006-11-02||
2006-11-03||
2006-11-06||
2006-11-07||
2006-11-08||
2006-11-09||
2006-11-10||
2006-11-13||
2006-11-14||
2006-11-15||
2006-11-16||
2006-11-17||
2006-11-20||
2006-11-21||
2006-11-22||
2006-11-24||
2006-11-27||
2006-11-28||
2006-11-29||
2006-11-30||
2006-12-01||
2006-12-04||
2006-12-05||
2006-12-06||
2006-12-07||
2006-12-08||
2006-12-11||
2006-12-12||
2006-12-13||
2006-12-14||
2006-12-15||
2006-12-18||
2006-12-19||
2006-12-20||
2006-12-21||
2006-12-22||
2006-12-26||
2006-12-27||
2006-12-28||
2006-12-29||
2007-01-03||
2007-01-04||
2007-01-05||
2007-01-08||
2007-01-09||
2007-01-10||
2007-01-11||
2007-01-12||
2007-01-16||
2007-01-17||
2007-01-18||
2007-01-19||
2007-01-22||
2007-01-23||
2007-01-24||
2007-01-25||
2007-01-26||
2007-01-29||
2007-01-30||
2007-01-31||
2007-02-01||
2007-02-02||
2007-02-05||
2007-02-06||
2007-02-07||
2007-02-08||
2007-02-09||
2007-02-12||
2007-02-13||
2007-02-14||
2007-02-15||
2007-02-16||
2007-02-20||
2007-02-21||
2007-02-22||
2007-02-23||
2007-02-26||
2007-02-27||
2007-02-28||
2007-03-01||
2007-03-02||
2007-03-05||
2007-03-06||
2007-03-07||
2007-03-08||
2007-03-09||
2007-03-12||
2007-03-13||
2007-03-14||
2007-03-15||
2007-03-16||
2007-03-19||
2007-03-20||
2007-03-21||
2007-03-22||
2007-03-23||
2007-03-26||
2007-03-27||
2007-03-28||
2007-03-29||
2007-03-30||
2007-04-02||
2007-04-03||
2007-04-04||
2007-04-05||
2007-04-09||
2007-04-10||
2007-04-11||
2007-04-12||
2007-04-13||
2007-04-16||
2007-04-17||
2007-04-18||
2007-04-19||
2007-04-20||
2007-04-23||
2007-04-24||
2007-04-25||
2007-04-26||
2007-04-27||
2007-04-30||
2007-05-01||
2007-05-02||
2007-05-03||
2007-05-04||
2007-05-07||
2007-05-08||
2007-05-09||
2007-05-10||
2007-05-11||
2007-05-14||
2007-05-15||
2007-05-16||
2007-05-17||
2007-05-18||
2007-05-21||
2007-05-22||
2007-05-23||
2007-05-24||
2007-05-25||
2007-05-29||
2007-05-30||
2007-05-31||
2007-06-01||
2007-06-04||
2007-06-05||
2007-06-06||
2007-06-07||
2007-06-08||
2007-06-11||
2007-06-12||
2007-06-13||
2007-06-14||
2007-06-15||
2007-06-18||
2007-06-19||
2007-06-20||
2007-06-21||
2007-06-22||
2007-06-25||
2007-06-26||
2007-06-27||
2007-06-28||
2007-06-29||
2007-07-02||
2007-07-03||
2007-07-05||
2007-07-06||
2007-07-09||
2007-07-10||
2007-07-11||
2007-07-12||
2007-07-13||
2007-07-16||
2007-07-17||
2007-07-18||
2007-07-19||
2007-07-20||
2007-07-23||
2007-07-24||
2007-07-25||
2007-07-26||
2007-07-27||
2007-07-30||
2007-07-31||
2007-08-01||
2007-08-02||
2007-08-03||
2007-08-06||
2007-08-07||
2007-08-08||
2007-08-09||
2007-08-10||
2007-08-13||
2007-08-14||
2007-08-15||
2007-08-16||
2007-08-17||
2007-08-20||
2007-08-21||
2007-08-22||
2007-08-23||
2007-08-24||
2007-08-27||
2007-08-28||
2007-08-29||
2007-08-30||
2007-08-31||
2007-09-04||
2007-09-05||
2007-09-06||
2007-09-07||
2007-09-10||
2007-09-11||
2007-09-12||
2007-09-13||
2007-09-14||
2007-09-17||
2007-09-18||
2007-09-19||
2007-09-20||
2007-09-21||
2007-09-24||
2007-09-25||
2007-09-26||
2007-09-27||
2007-09-28||
2007-10-01||
2007-10-02||
2007-10-03||
2007-10-04||
2007-10-05||
2007-10-08||
2007-10-09||
2007-10-10||
2007-10-11||
2007-10-12||
2007-10-15||
2007-10-16||
2007-10-17||
2007-10-18||
2007-10-19||
2007-10-22||
2007-10-23||
2007-10-24||
2007-10-25||
2007-10-26||
2007-10-29||
2007-10-30||
2007-10-31||
2007-11-01||
2007-11-02||
2007-11-05||
2007-11-06||
2007-11-07||
2007-11-08||
2007-11-09||
2007-11-12||
2007-11-13||
2007-11-14||
2007-11-15||
2007-11-16||
2007-11-19||
2007-11-20||
2007-11-21||
2007-11-23||
2007-11-26||
2007-11-27||
2007-11-28||
2007-11-29||
2007-11-30||
2007-12-03||
2007-12-04||
2007-12-05||
2007-12-06||
2007-12-07||
2007-12-10||
2007-12-11||
2007-12-12||
2007-12-13||
2007-12-14||
2007-12-17||
2007-12-18||
2007-12-19||
2007-12-20||
2007-12-21||
2007-12-24||
2007-12-26||
2007-12-27||
2007-12-28||
2007-12-31||
2008-01-02||
2008-01-03||
2008-01-04||
2008-01-07||
2008-01-08||
2008-01-09||
2008-01-10||
2008-01-11||
2008-01-14||
2008-01-15||
2008-01-16||
2008-01-17||
2008-01-18||
2008-01-22||
2008-01-23||
2008-01-24||
2008-01-25||
2008-01-28||
2008-01-29||
2008-01-30||
2008-01-31||
2008-02-01||
2008-02-04||
2008-02-05||
2008-02-06||
2008-02-07||
2008-02-08||
2008-02-11||
2008-02-12||
2008-02-13||
2008-02-14||
2008-02-15||
2008-02-19||
2008-02-20||
2008-02-21||
2008-02-22||
2008-02-25||
2008-02-26||
2008-02-27||
2008-02-28||
2008-02-29||
2008-03-03||
2008-03-04||
2008-03-05||
2008-03-06||
2008-03-07||
2008-03-10||
2008-03-11||
2008-03-12||
2008-03-13||
2008-03-14||
2008-03-17||
2008-03-18||
2008-03-19||
2008-03-20||
2008-03-24||
2008-03-25||
2008-03-26||
2008-03-27||
2008-03-28||
2008-03-31||
2008-04-01||
2008-04-02||
2008-04-03||
2008-04-04||
2008-04-07||
2008-04-08||
2008-04-09||
2008-04-10||
2008-04-11||
2008-04-14||
2008-04-15||
2008-04-16||
2008-04-17||
2008-04-18||
2008-04-21||
2008-04-22||
2008-04-23||
2008-04-24||
2008-04-25||
2008-04-28||
2008-04-29||
2008-04-30||
2008-05-01||
2008-05-02||
2008-05-05||
2008-05-06||
2008-05-07||
2008-05-08||
2008-05-09||
2008-05-12||
2008-05-13||
2008-05-14||
2008-05-15||
2008-05-16||
2008-05-19||
2008-05-20||
2008-05-21||
2008-05-22||
2008-05-23||
2008-05-27||
2008-05-28||
2008-05-29||
2008-05-30||
2008-06-02||
2008-06-03||
2008-06-04||
2008-06-05||
2008-06-06||
2008-06-09||
2008-06-10||
2008-06-11||
2008-06-12||
2008-06-13||
2008-06-16||
2008-06-17||
2008-06-18||
2008-06-19||
2008-06-20||
2008-06-23||
2008-06-24||
2008-06-25||
2008-06-26||
2008-06-27||
2008-06-30||
2008-07-01||
2008-07-02||
2008-07-03||
2008-07-07||
2008-07-08||
2008-07-09||
2008-07-10||
2008-07-11||
2008-07-14||
2008-07-15||
2008-07-16||
2008-07-17||
2008-07-18||
2008-07-21||
2008-07-22||
2008-07-23||
2008-07-24||
2008-07-25||
2008-07-28||
2008-07-29||
2008-07-30||
2008-07-31||
2008-08-01||
2008-08-04||
2008-08-05||
2008-08-06||
2008-08-07||
2008-08-08||
2008-08-11||
2008-08-12||
2008-08-13||
2008-08-14||
2008-08-15||
2008-08-18||
2008-08-19||
2008-08-20||
2008-08-21||
2008-08-22||
2008-08-25||
2008-08-26||
2008-08-27||
2008-08-28||
2008-08-29||
2008-09-02||
2008-09-03||
2008-09-04||
2008-09-05||
2008-09-08||
2008-09-09||
2008-09-10||
2008-09-11||
2008-09-12||
2008-09-15||
2008-09-16||
2008-09-17||
2008-09-18||
2008-09-19||
2008-09-22||
2008-09-23||
2008-09-24||
2008-09-25||
2008-09-26||
2008-09-29||
2008-09-30||
2008-10-01||
2008-10-02||
2008-10-03||
2008-10-06||
2008-10-07||
2008-10-08||
2008-10-09||
2008-10-10||
2008-10-13||
2008-10-14||
2008-10-15||
2008-10-16||
2008-10-17||
2008-10-20||
2008-10-21||
2008-10-22||
2008-10-23||
2008-10-24||
2008-10-27||
2008-10-28||
2008-10-29||
2008-10-30||
2008-10-31||
2008-11-03||
2008-11-04||
2008-11-05||
2008-11-06||
2008-11-07||
2008-11-10||
2008-11-11||
2008-11-12||
2008-11-13||
2008-11-14||
2008-11-17||
2008-11-18||
2008-11-19||
2008-11-20||
2008-11-21||
2008-11-24||
2008-11-25||
2008-11-26||
2008-11-28||
2008-12-01||
2008-12-02||
2008-12-03||
2008-12-04||
2008-12-05||
2008-12-08||
2008-12-09||
2008-12-10||
2008-12-11||
2008-12-12||
2008-12-15||
2008-12-16||
2008-12-17||
2008-12-18||
2008-12-19||
2008-12-22||
2008-12-23||
2008-12-24||
2008-12-26||
2008-12-29||
2008-12-30||
2008-12-31||
2009-01-02||
2009-01-05||
2009-01-06||
2009-01-07||
2009-01-08||
2009-01-09||
2009-01-12||
2009-01-13||
2009-01-14||
2009-01-15||
2009-01-16||
2009-01-20||
2009-01-21||
2009-01-22||
2009-01-23||
2009-01-26||
2009-01-27||
2009-01-28||
2009-01-29||
2009-01-30||
2009-02-02||
2009-02-03||
2009-02-04||
2009-02-05||
2009-02-06||
2009-02-09||
2009-02-10||
2009-02-11||
2009-02-12||
2009-02-13||
2009-02-17||
2009-02-18||
2009-02-19||
2009-02-20||
2009-02-23||
2009-02-24||
2009-02-25||
2009-02-26||
2009-02-27||
2009-03-02||
2009-03-03||
2009-03-04||
2009-03-05||
2009-03-06||
2009-03-09||
2009-03-10||
2009-03-11||
2009-03-12||
2009-03-13||
2009-03-16||
2009-03-17||
2009-03-18||
2009-03-19||
2009-03-20||
2009-03-23||
2009-03-24||
2009-03-25||
2009-03-26||
2009-03-27||
2009-03-30||
2009-03-31||
2009-04-01||
2009-04-02||
2009-04-03||
2009-04-06||
2009-04-07||
2009-04-08||
2009-04-09||
2009-04-13||
2009-04-14||
2009-04-15||
2009-04-16||
2009-04-17||
2009-04-20||
2009-04-21||
2009-04-22||
2009-04-23||
2009-04-24||
2009-04-27||
2009-04-28||
2009-04-29||
2009-04-30||
2009-05-01||
2009-05-04||
2009-05-05||
2009-05-06||
2009-05-07||
2009-05-08||
2009-05-11||
2009-05-12||
2009-05-13||
2009-05-14||
2009-05-15||
2009-05-18||
2009-05-19||
2009-05-20||
2009-05-21||
2009-05-22||
2009-05-26||
2009-05-27||
2009-05-28||
2009-05-29||
2009-06-01||
2009-06-02||
2009-06-03||
2009-06-04||
2009-06-05||
2009-06-08||
2009-06-09||
2009-06-10||
2009-06-11||
2009-06-12||
2009-06-15||
2009-06-16||
2009-06-17||
2009-06-18||
2009-06-19||
2009-06-22||
2009-06-23||
2009-06-24||
2009-06-25||
2009-06-26||
2009-06-29||
2009-06-30||
2009-07-01||
2009-07-02||
2009-07-06||
2009-07-07||
2009-07-08||
2009-07-09||
2009-07-10||
2009-07-13||
2009-07-14||
2009-07-15||
2009-07-16||
2009-07-17||
2009-07-20||
2009-07-21||
2009-07-22||
2009-07-23||
2009-07-24||
2009-07-27||
2009-07-28||
2009-07-29||
2009-07-30||
2009-07-31||
2009-08-03||
2009-08-04||
2009-08-05||
2009-08-06||
2009-08-07||
2009-08-10||
2009-08-11||
2009-08-12||
2009-08-13||
2009-08-14||
2009-08-17||
2009-08-18||
2009-08-19||
2009-08-20||
2009-08-21||
2009-08-24||
2009-08-25||
2009-08-26||
2009-08-27||
2009-08-28||
2009-08-31||
2009-09-01||
2009-09-02||
2009-09-03||
2009-09-04||
2009-09-08||
2009-09-09||
2009-09-10||
2009-09-11||
2009-09-14||
2009-09-15||
2009-09-16||
2009-09-17||
2009-09-18||
2009-09-21||
2009-09-22||
2009-09-23||
2009-09-24||
2009-09-25||
2009-09-28||
2009-09-29||
2009-09-30||
2009-10-01||
2009-10-02||
2009-10-05||
2009-10-06||
2009-10-07||
2009-10-08||
2009-10-09||
2009-10-12||
2009-10-13||
2009-10-14||
2009-10-15||
2009-10-16||
2009-10-19||
2009-10-20||
2009-10-21||
2009-10-22||
2009-10-23||
2009-10-26||
2009-10-27||
2009-10-28||
2009-10-29||
2009-10-30||
2009-11-02||
2009-11-03||
2009-11-04||
2009-11-05||
2009-11-06||
2009-11-09||
2009-11-10||
2009-11-11||
2009-11-12||
2009-11-13||
2009-11-16||
2009-11-17||
2009-11-18||
2009-11-19||
2009-11-20||
2009-11-23||
2009-11-24||
2009-11-25||
2009-11-27||
2009-11-30||
2009-12-01||
2009-12-02||
2009-12-03||
2009-12-04||
2009-12-07||
2009-12-08||
2009-12-09||
2009-12-10||
2009-12-11||
2009-12-14||
2009-12-15||
2009-12-16||
2009-12-17||
2009-12-18||
2009-12-21||
2009-12-22||
2009-12-23||
2009-12-24||
2009-12-28||
2009-12-29||
2009-12-30||
2009-12-31||
2010-01-04||
2010-01-05||
2010-01-06||
2010-01-07||
2010-01-08||
2010-01-11||
2010-01-12||
2010-01-13||
2010-01-14||
2010-01-15||
2010-01-19||
2010-01-20||
2010-01-21||
2010-01-22||
2010-01-25||
2010-01-26||
2010-01-27||
2010-01-28||
2010-01-29||
2010-02-01||
2010-02-02||
2010-02-03||
2010-02-04||
2010-02-05||
2010-02-08||
2010-02-09||
2010-02-10||
2010-02-11||
2010-02-12||
2010-02-16||
2010-02-17||
2010-02-18||
2010-02-19||
2010-02-22||
2010-02-23||
2010-02-24||
2010-02-25||
2010-02-26||
2010-03-01||
2010-03-02||
2010-03-03||
2010-03-04||
2010-03-05||
2010-03-08||
2010-03-09||
2010-03-10||
2010-03-11||
2010-03-12||
2010-03-15||
2010-03-16||
2010-03-17||
2010-03-18||
2010-03-19||
2010-03-22||
2010-03-23||
2010-03-24||
2010-03-25||
2010-03-26||
2010-03-29||
2010-03-30||
2010-03-31||
2010-04-01||
2010-04-05||
2010-04-06||
2010-04-07||
2010-04-08||
2010-04-09||
2010-04-12||
2010-04-13||
2010-04-14||
2010-04-15||
2010-04-16||
2010-04-19||
2010-04-20||
2010-04-21||
2010-04-22||
2010-04-23||
2010-04-26||
2010-04-27||
2010-04-28||
2010-04-29||
2010-04-30||
2010-05-03||
2010-05-04||
2010-05-05||
2010-05-06||
2010-05-07||
2010-05-10||
2010-05-11||
2010-05-12||
2010-05-13||
2010-05-14||
2010-05-17||
2010-05-18||
2010-05-19||
2010-05-20||
2010-05-21||
2010-05-24||
2010-05-25||
2010-05-26||
2010-05-27||
2010-05-28||
2010-06-01||
2010-06-02||
2010-06-03||
2010-06-04||
2010-06-07||
2010-06-08||
2010-06-09||
2010-06-10||
2010-06-11||
2010-06-14||
2010-06-15||
2010-06-16||
2010-06-17||
2010-06-18||
2010-06-21||
2010-06-22||
2010-06-23||
2010-06-24||
2010-06-25||
2010-06-28||
2010-06-29||
2010-06-30||
2010-07-01||
2010-07-02||
2010-07-06||
2010-07-07||
2010-07-08||
2010-07-09||
2010-07-12||
2010-07-13||
2010-07-14||
2010-07-15||
2010-07-16||
2010-07-19||
2010-07-20||
2010-07-21||
2010-07-22||
2010-07-23||
2010-07-26||
2010-07-27||
2010-07-28||
2010-07-29||
2010-07-30||
2010-08-02||
2010-08-03||
2010-08-04||
2010-08-05||
2010-08-06||
2010-08-09||
2010-08-10||
2010-08-11||
2010-08-12||
2010-08-13||
2010-08-16||
2010-08-17||
2010-08-18||
2010-08-19||
2010-08-20||
2010-08-23||
2010-08-24||
2010-08-25||
2010-08-26||
2010-08-27||
2010-08-30||
2010-08-31||
2010-09-01||
2010-09-02||
2010-09-03||
2010-09-07||
2010-09-08||
2010-09-09||
2010-09-10||
2010-09-13||
2010-09-14||
2010-09-15||
2010-09-16||
2010-09-17||
2010-09-20||
2010-09-21||
2010-09-22||
2010-09-23||
2010-09-24||
2010-09-27||
2010-09-28||
2010-09-29||
2010-09-30||
2010-10-01||
2010-10-04||
2010-10-05||
2010-10-06||
2010-10-07||
2010-10-08||
2010-10-11||
2010-10-12||
2010-10-13||
2010-10-14||
2010-10-15||
2010-10-18||
2010-10-19||
2010-10-20||
2010-10-21||
2010-10-22||
2010-10-25||
2010-10-26||
2010-10-27||
2010-10-28||
2010-10-29||
2010-11-01||
2010-11-02||
2010-11-03||
2010-11-04||
2010-11-05||
2010-11-08||
2010-11-09||
2010-11-10||
2010-11-11||
2010-11-12||
2010-11-15||
2010-11-16||
2010-11-17||
2010-11-18||
2010-11-19||
2010-11-22||
2010-11-23||
2010-11-24||
2010-11-26||
2010-11-29||
2010-11-30||
2010-12-01||
2010-12-02||
2010-12-03||
2010-12-06||
2010-12-07||
2010-12-08||
2010-12-09||
2010-12-10||
2010-12-13||
2010-12-14||
2010-12-15||
2010-12-16||
2010-12-17||
2010-12-20||
2010-12-21||
2010-12-22||
2010-12-23||
2010-12-27||
2010-12-28||
2010-12-29||
2010-12-30||
2010-12-31||
2011-01-03||
2011-01-04||
2011-01-05||
2011-01-06||
2011-01-07||
2011-01-10||
2011-01-11||
2011-01-12||
2011-01-13||
2011-01-14||
2011-01-18||
2011-01-19||
2011-01-20||
2011-01-21||
2011-01-24||
2011-01-25||
2011-01-26||
2011-01-27||
2011-01-28||
2011-01-31||
2011-02-01||
2011-02-02||
2011-02-03||
2011-02-04||
2011-02-07||
2011-02-08||
2011-02-09||
2011-02-10||
2011-02-11||
2011-02-14||
2011-02-15||
2011-02-16||
2011-02-17||
2011-02-18||
2011-02-22||
2011-02-23||
2011-02-24||
2011-02-25||
2011-02-28||
2011-03-01||
2011-03-02||
2011-03-03||
2011-03-04||
2011-03-07||
2011-03-08||
2011-03-09||
2011-03-10||
2011-03-11||
2011-03-14||
2011-03-15||
2011-03-16||
2011-03-17||
2011-03-18||
2011-03-21||
2011-03-22||
2011-03-23||
2011-03-24||
2011-03-25||
2011-03-28||
2011-03-29||
2011-03-30||
2011-03-31||
2011-04-01||
2011-04-04||
2011-04-05||
2011-04-06||
2011-04-07||
2011-04-08||
2011-04-11||
2011-04-12||
2011-04-13||
2011-04-14||
2011-04-15||
2011-04-18||
2011-04-19||
2011-04-20||
2011-04-21||
2011-04-25||
2011-04-26||
2011-04-27||
2011-04-28||
2011-04-29||
2011-05-02||
2011-05-03||
2011-05-04||
2011-05-05||
2011-05-06||
2011-05-09||
2011-05-10||
2011-05-11||
2011-05-12||
2011-05-13||
2011-05-16||
2011-05-17||
2011-05-18||
2011-05-19||
2011-05-20||
2011-05-23||
2011-05-24||
2011-05-25||
2011-05-26||
2011-05-27||
2011-05-31||
2011-06-01||
2011-06-02||
2011-06-03||
2011-06-06||
2011-06-07||
2011-06-08||
2011-06-09||
2011-06-10||
2011-06-13||
2011-06-14||
2011-06-15||
2011-06-16||
2011-06-17||
2011-06-20||
2011-06-21||
2011-06-22||
2011-06-23||
2011-06-24||
2011-06-27||
2011-06-28||
2011-06-29||
2011-06-30||
2011-07-01||
2011-07-05||
2011-07-06||
2011-07-07||
2011-07-08||
2011-07-11||
2011-07-12||
2011-07-13||
2011-07-14||
2011-07-15||
2011-07-18||
2011-07-19||
2011-07-20||
2011-07-21||
2011-07-22||
2011-07-25||
2011-07-26||
2011-07-27||
2011-07-28||
2011-07-29||
2011-08-01||
2011-08-02||
2011-08-03||
2011-08-04||
2011-08-05||
2011-08-08||
2011-08-09||
2011-08-10||
2011-08-11||
2011-08-12||
2011-08-15||
2011-08-16||
2011-08-17||
2011-08-18||
2011-08-19||
2011-08-22||
2011-08-23||
2011-08-24||
2011-08-25||
2011-08-26||
2011-08-29||
2011-08-30||
2011-08-31||
2011-09-01||
2011-09-02||
2011-09-06||
2011-09-07||
2011-09-08||
2011-09-09||
2011-09-12||
2011-09-13||
2011-09-14||
2011-09-15||
2011-09-16||
2011-09-19||
2011-09-20||
2011-09-21||
2011-09-22||
2011-09-23||
2011-09-26||
2011-09-27||
2011-09-28||
2011-09-29||
2011-09-30||
2011-10-03||
2011-10-04||
2011-10-05||
2011-10-06||
2011-10-07||
2011-10-10||
2011-10-11||
2011-10-12||
2011-10-13||
2011-10-14||
2011-10-17||
2011-10-18||
2011-10-19||
2011-10-20||
2011-10-21||
2011-10-24||
2011-10-25||
2011-10-26||
2011-10-27||
2011-10-28||
2011-10-31||
2011-11-01||
2011-11-02||
2011-11-03||
2011-11-04||
2011-11-07||
2011-11-08||
2011-11-09||
2011-11-10||
2011-11-11||
2011-11-14||
2011-11-15||
2011-11-16||
2011-11-17||
2011-11-18||
2011-11-21||
2011-11-22||
2011-11-23||
2011-11-25||
2011-11-28||
2011-11-29||
2011-11-30||
2011-12-01||
2011-12-02||
2011-12-05||
2011-12-06||
2011-12-07||
2011-12-08||
2011-12-09||
2011-12-12||
2011-12-13||
2011-12-14||
2011-12-15||
2011-12-16||
2011-12-19||
2011-12-20||
2011-12-21||
2011-12-22||
2011-12-23||
2011-12-27||
2011-12-28||
2011-12-29||
2011-12-30||
2012-01-03||
2012-01-04||
2012-01-05||
2012-01-06||
2012-01-09||
2012-01-10||
2012-01-11||
2012-01-12||
2012-01-13||
2012-01-17||
2012-01-18||
2012-01-19||
2012-01-20||
2012-01-23||
2012-01-24||
2012-01-25||
2012-01-26||
2012-01-27||
2012-01-30||
2012-01-31||
2012-02-01||
2012-02-02||
2012-02-03||
2012-02-06||
2012-02-07||
2012-02-08||
2012-02-09||
2012-02-10||
2012-02-13||
2012-02-14||
2012-02-15||
2012-02-16||
2012-02-17||
2012-02-21||
2012-02-22||
2012-02-23||
2012-02-24||
2012-02-27||
2012-02-28||
2012-02-29||
2012-03-01||
2012-03-02||
2012-03-05||
2012-03-06||
2012-03-07||
2012-03-08||
2012-03-09||
2012-03-12||
2012-03-13||
2012-03-14||
2012-03-15||
2012-03-16||
2012-03-19||
2012-03-20||
2012-03-21||
2012-03-22||
2012-03-23||
2012-03-26||
2012-03-27||
2012-03-28||
2012-03-29||
2012-03-30||
2012-04-02||
2012-04-03||
2012-04-04||
2012-04-05||
2012-04-09||
2012-04-10||
2012-04-11||
2012-04-12||
2012-04-13||
2012-04-16||
2012-04-17||
2012-04-18||
2012-04-19||
2012-04-20||
2012-04-23||
2012-04-24||
2012-04-25||
2012-04-26||
2012-04-27||
2012-04-30||
2012-05-01||
2012-05-02||
2012-05-03||
2012-05-04||
2012-05-07||
2012-05-08||
2012-05-09||
2012-05-10||
2012-05-11||
2012-05-14||
2012-05-15||
2012-05-16||
2012-05-17||
2012-05-18||
2012-05-21||
2012-05-22||
2012-05-23||
2012-05-24||
2012-05-25||
2012-05-29||
2012-05-30||
2012-05-31||
2012-06-01||
2012-06-04||
2012-06-05||
2012-06-06||
2012-06-07||
2012-06-08||
2012-06-11||
2012-06-12||
2012-06-13||
2012-06-14||
2012-06-15||
2012-06-18||
2012-06-19||
2012-06-20||
2012-06-21||
2012-06-22||
2012-06-25||
2012-06-26||
2012-06-27||
2012-06-28||
2012-06-29||
2012-07-02||
2012-07-03||
2012-07-05||
2012-07-06||
2012-07-09||
2012-07-10||
2012-07-11||
2012-07-12||
2012-07-13||
2012-07-16||
2012-07-17||
2012-07-18||
2012-07-19||
2012-07-20||
2012-07-23||
2012-07-24||
2012-07-25||
2012-07-26||
2012-07-27||
2012-07-30||
2012-07-31||
2012-08-01||
2012-08-02||
2012-08-03||
2012-08-06||
2012-08-07||
2012-08-08||
2012-08-09||
2012-08-10||
2012-08-13||
2012-08-14||
2012-08-15||
2012-08-16||
2012-08-17||
2012-08-20||
2012-08-21||
2012-08-22||
2012-08-23||
2012-08-24||
2012-08-27||
2012-08-28||
2012-08-29||
2012-08-30||
2012-08-31||
2012-09-04||
2012-09-05||
2012-09-06||
2012-09-07||
2012-09-10||
2012-09-11||
2012-09-12||
2012-09-13||
2012-09-14||
2012-09-17||
2012-09-18||
2012-09-19||
2012-09-20||
2012-09-21||
2012-09-24||
2012-09-25||
2012-09-26||
2012-09-27||
2012-09-28||
2012-10-01||
2012-10-02||
2012-10-03||
2012-10-04||
2012-10-05||
2012-10-08||
2012-10-09||
2012-10-10||
2012-10-11||
2012-10-12||
2012-10-15||
2012-10-16||
2012-10-17||
2012-10-18||
2012-10-19||
2012-10-22||
2012-10-23||
2012-10-24||
2012-10-25||
2012-10-26||
2012-10-31||
2012-11-01||
2012-11-02||
2012-11-05||
2012-11-06||
2012-11-07||
2012-11-08||
2012-11-09||
2012-11-12||
2012-11-13||
2012-11-14||
2012-11-15||
2012-11-16||
2012-11-19||
2012-11-20||
2012-11-21||
2012-11-23||
2012-11-26||
2012-11-27||
2012-11-28||
2012-11-29||
2012-11-30||
2012-12-03||
2012-12-04||
2012-12-05||
2012-12-06||
2012-12-07||
2012-12-10||
2012-12-11||
2012-12-12||
2012-12-13||
2012-12-14||
2012-12-17||
2012-12-18||
2012-12-19||
2012-12-20||
2012-12-21||
2012-12-24||
2012-12-26||
2012-12-27||
2012-12-28||
2012-12-31||
2013-01-02||
2013-01-03||
2013-01-04||
2013-01-07||
2013-01-08||
2013-01-09||
2013-01-10||
2013-01-11||
2013-01-14||
2013-01-15||
2013-01-16||
2013-01-17||
2013-01-18||
2013-01-22||
2013-01-23||
2013-01-24||
2013-01-25||
2013-01-28||
2013-01-29||
2013-01-30||
2013-01-31||
2013-02-01||
2013-02-04||
2013-02-05||
2013-02-06||
2013-02-07||
2013-02-08||
2013-02-11||
2013-02-12||
2013-02-13||
2013-02-14||
2013-02-15||
2013-02-19||
2013-02-20||
2013-02-21||
2013-02-22||
2013-02-25||
2013-02-26||
2013-02-27||
2013-02-28||
2013-03-01||
2013-03-04||
2013-03-05||
2013-03-06||
2013-03-07||
2013-03-08||
2013-03-11||
2013-03-12||
2013-03-13||
2013-03-14||
2013-03-15||
2013-03-18||
2013-03-19||
2013-03-20||
2013-03-21||
2013-03-22||
2013-03-25||
2013-03-26||
2013-03-27||
2013-03-28||
2013-04-01||
2013-04-02||
2013-04-03||
2013-04-04||
2013-04-05||
2013-04-08||
2013-04-09||
2013-04-10||
2013-04-11||
2013-04-12||
2013-04-15||
2013-04-16||
2013-04-17||
2013-04-18||
2013-04-19||
2013-04-22||
2013-04-23||
2013-04-24||
2013-04-25||
2013-04-26||
2013-04-29||
2013-04-30||
2013-05-01||
2013-05-02||
2013-05-03||
2013-05-06||
2013-05-07||
2013-05-08||
2013-05-09||
2013-05-10||
2013-05-13||
2013-05-14||
2013-05-15||
2013-05-16||
2013-05-17||
2013-05-20||
2013-05-21||
2013-05-22||
2013-05-23||
2013-05-24||
2013-05-28||
2013-05-29||
2013-05-30||
2013-05-31||
2013-06-03||
2013-06-04||
2013-06-05||
2013-06-06||
2013-06-07||
2013-06-10||
2013-06-11||
2013-06-12||
2013-06-13||
2013-06-14||
2013-06-17||
2013-06-18||
2013-06-19||
2013-06-20||
2013-06-21||
2013-06-24||
2013-06-25||
2013-06-26||
2013-06-27||
2013-06-28||
2013-07-01||
2013-07-02||
2013-07-03||
2013-07-05||
2013-07-08||
2013-07-09||
2013-07-10||
2013-07-11||
2013-07-12||
2013-07-15||
2013-07-16||
2013-07-17||
2013-07-18||
2013-07-19||
2013-07-22||
2013-07-23||
2013-07-24||
2013-07-25||
2013-07-26||
2013-07-29||
2013-07-30||
2013-07-31||
2013-08-01||
2013-08-02||
2013-08-05||
2013-08-06||
2013-08-07||
2013-08-08||
2013-08-09||
2013-08-12||
2013-08-13||
2013-08-14||
2013-08-15||
2013-08-16||
2013-08-19||
2013-08-20||
2013-08-21||
2013-08-22||
2013-08-23||
2013-08-26||
2013-08-27||
2013-08-28||
2013-08-29||
2013-08-30||
2013-09-03||
2013-09-04||
2013-09-05||
2013-09-06||
2013-09-09||
2013-09-10||
2013-09-11||
2013-09-12||
2013-09-13||
2013-09-16||
2013-09-17||
2013-09-18||
2013-09-19||
2013-09-20||
2013-09-23||
2013-09-24||
2013-09-25||
2013-09-26||
2013-09-27||
2013-09-30||
2013-10-01||
2013-10-02||
2013-10-03||
2013-10-04||
2013-10-07||
2013-10-08||
2013-10-09||
2013-10-10||
2013-10-11||
2013-10-14||
2013-10-15||
2013-10-16||
2013-10-17||
2013-10-18||
2013-10-21||
2013-10-22||
2013-10-23||
2013-10-24||
2013-10-25||
2013-10-28||
2013-10-29||
2013-10-30||
2013-10-31||
2013-11-01||
2013-11-04||
2013-11-05||
2013-11-06||
2013-11-07||
2013-11-08||
2013-11-11||
2013-11-12||
2013-11-13||
2013-11-14||
2013-11-15||
2013-11-18||
2013-11-19||
2013-11-20||
2013-11-21||
2013-11-22||
2013-11-25||
2013-11-26||
2013-11-27||
2013-11-29||
2013-12-02||
2013-12-03||
2013-12-04||
2013-12-05||
2013-12-06||
2013-12-09||
2013-12-10||
2013-12-11||
2013-12-12||
2013-12-13||
2013-12-16||
2013-12-17||
2013-12-18||
2013-12-19||
2013-12-20||
2013-12-23||
2013-12-24||
2013-12-26||
2013-12-27||
2013-12-30||
2013-12-31||
2014-01-02||
2014-01-03||
2014-01-06||
2014-01-07||
2014-01-08||
2014-01-09||
2014-01-10||
2014-01-13||
2014-01-14||
2014-01-15||
2014-01-16||
2014-01-17||
2014-01-21||
2014-01-22||
2014-01-23||
2014-01-24||
2014-01-27||
2014-01-28||
2014-01-29||
2014-01-30||
2014-01-31||
2014-02-03||
2014-02-04||
2014-02-05||
2014-02-06||
2014-02-07||
2014-02-10||
2014-02-11||
2014-02-12||
2014-02-13||
2014-02-14||
2014-02-18||
2014-02-19||
2014-02-20||
2014-02-21||
2014-02-24||
2014-02-25||
2014-02-26||
2014-02-27||
2014-02-28||
2014-03-03||
2014-03-04||
2014-03-05||
2014-03-06||
2014-03-07||
2014-03-10||
2014-03-11||
2014-03-12||
2014-03-13||
2014-03-14||
2014-03-17||
2014-03-18||
2014-03-19||
2014-03-20||
2014-03-21||
2014-03-24||
2014-03-25||
2014-03-26||
2014-03-27||
2014-03-28||
2014-03-31||
2014-04-01||
2014-04-02||
2014-04-03||
2014-04-04||
2014-04-07||
2014-04-08||
2014-04-09||
2014-04-10||
2014-04-11||
2014-04-14||
2014-04-15||
2014-04-16||
2014-04-17||
2014-04-21||
2014-04-22||
2014-04-23||
2014-04-24||
2014-04-25||
2014-04-28||
2014-04-29||
2014-04-30||
2014-05-01||
2014-05-02||
2014-05-05||
2014-05-06||
2014-05-07||
2014-05-08||
2014-05-09||
2014-05-12||
2014-05-13||
2014-05-14||
2014-05-15||
2014-05-16||
2014-05-19||
2014-05-20||
2014-05-21||
2014-05-22||
2014-05-23||
2014-05-27||
2014-05-28||
2014-05-29||
2014-05-30||
2014-06-02||
2014-06-03||
2014-06-04||
2014-06-05||
2014-06-06||
2014-06-09||
2014-06-10||
2014-06-11||
2014-06-12||
2014-06-13||
2014-06-16||
2014-06-17||
2014-06-18||
2014-06-19||
2014-06-20||
2014-06-23||
2014-06-24||
2014-06-25||
2014-06-26||
2014-06-27||
2014-06-30||
2014-07-01||
2014-07-02||
2014-07-03||
2014-07-07||
2014-07-08||
2014-07-09||
2014-07-10||
2014-07-11||
2014-07-14||
2014-07-15||
2014-07-16||
2014-07-17||
2014-07-18||
2014-07-21||
2014-07-22||
2014-07-23||
2014-07-24||
2014-07-25||
2014-07-28||
2014-07-29||
2014-07-30||
2014-07-31||
2014-08-01||
2014-08-04||
2014-08-05||
2014-08-06||
2014-08-07||
2014-08-08||
2014-08-11||
2014-08-12||
2014-08-13||
2014-08-14||
2014-08-15||
2014-08-18||
2014-08-19||
2014-08-20||
2014-08-21||
2014-08-22||
2014-08-25||
2014-08-26||
2014-08-27||
2014-08-28||
2014-08-29||
2014-09-02||
2014-09-03||
2014-09-04||
2014-09-05||
2014-09-08||
2014-09-09||
2014-09-10||
2014-09-11||
2014-09-12||
2014-09-15||
2014-09-16||
2014-09-17||
2014-09-18||
2014-09-19||
2014-09-22||
2014-09-23||
2014-09-24||
2014-09-25||
2014-09-26||
2014-09-29||
2014-09-30||
2014-10-01||
2014-10-02||
2014-10-03||
2014-10-06||
2014-10-07||
2014-10-08||
2014-10-09||
2014-10-10||
2014-10-13||
2014-10-14||
2014-10-15||
2014-10-16||
2014-10-17||
2014-10-20||
2014-10-21||
2014-10-22||
2014-10-23||
2014-10-24||
2014-10-27||
2014-10-28||
2014-10-29||
2014-10-30||
2014-10-31||
2014-11-03||
2014-11-04||
2014-11-05||
2014-11-06||
2014-11-07||
2014-11-10||
2014-11-11||
2014-11-12||
2014-11-13||
2014-11-14||
2014-11-17||
2014-11-18||
2014-11-19||
2014-11-20||
2014-11-21||
2014-11-24||
2014-11-25||
2014-11-26||
2014-11-28||
2014-12-01||
2014-12-02||
2014-12-03||
2014-12-04||
2014-12-05||
2014-12-08||
2014-12-09||
2014-12-10||
2014-12-11||
2014-12-12||
2014-12-15||
2014-12-16||
2014-12-17||
2014-12-18||
2014-12-19||
2014-12-22||
2014-12-23||
2014-12-24||
2014-12-26||
2014-12-29||
2014-12-30||
2014-12-31||
2015-01-02||
2015-01-05||
2015-01-06||
2015-01-07||
2015-01-08||
2015-01-09||
2015-01-12||
2015-01-13||
2015-01-14||
2015-01-15||
2015-01-16||
2015-01-20||
2015-01-21||
2015-01-22||
2015-01-23||
2015-01-26||
2015-01-27||
2015-01-28||
2015-01-29||
2015-01-30||
2015-02-02||
2015-02-03||
2015-02-04||
2015-02-05||
2015-02-06||
2015-02-09||
2015-02-10||
2015-02-11||
2015-02-12||
2015-02-13||
2015-02-17||
2015-02-18||
2015-02-19||
2015-02-20||
2015-02-23||
2015-02-24||
2015-02-25||
2015-02-26||
2015-02-27||
2015-03-02||
2015-03-03||
2015-03-04||
2015-03-05||
2015-03-06||
2015-03-09||
2015-03-10||
2015-03-11||
2015-03-12||
2015-03-13||
2015-03-16||
2015-03-17||
2015-03-18||
2015-03-19||
2015-03-20||
2015-03-23||
2015-03-24||
2015-03-25||
2015-03-26||
2015-03-27||
2015-03-30||
2015-03-31||
2015-04-01||
2015-04-02||
2015-04-06||
2015-04-07||
2015-04-08||
2015-04-09||
2015-04-10||
2015-04-13||
2015-04-14||
2015-04-15||
2015-04-16||
2015-04-17||
2015-04-20||
2015-04-21||
2015-04-22||
2015-04-23||
2015-04-24||
2015-04-27||
2015-04-28||
2015-04-29||
2015-04-30||
2015-05-01||
2015-05-04||
2015-05-05||
2015-05-06||
2015-05-07||
2015-05-08||
2015-05-11||
2015-05-12||
2015-05-13||
2015-05-14||
2015-05-15||
2015-05-18||
2015-05-19||
2015-05-20||
2015-05-21||
2015-05-22||
2015-05-26||
2015-05-27||
2015-05-28||
2015-05-29||
2015-06-01||
2015-06-02||
2015-06-03||
2015-06-04||
2015-06-05||
2015-06-08||
2015-06-09||
2015-06-10||
2015-06-11||
2015-06-12||
2015-06-15||
2015-06-16||
2015-06-17||
2015-06-18||
2015-06-19||
2015-06-22||
2015-06-23||
2015-06-24||
2015-06-25||
2015-06-26||
2015-06-29||
2015-06-30||
2015-07-01||
2015-07-02||
2015-07-06||
2015-07-07||
2015-07-08||
2015-07-09||
2015-07-10||
2015-07-13||
2015-07-14||
2015-07-15||
2015-07-16||
2015-07-17||
2015-07-20||
2015-07-21||
2015-07-22||
2015-07-23||
2015-07-24||
2015-07-27||
2015-07-28||
2015-07-29||
2015-07-30||
2015-07-31||
2015-08-03||
2015-08-04||
2015-08-05||
2015-08-06||
2015-08-07||
2015-08-10||
2015-08-11||
2015-08-12||
2015-08-13||
2015-08-14||
2015-08-17||
2015-08-18||
2015-08-19||
2015-08-20||
2015-08-21||
2015-08-24||
2015-08-25||
2015-08-26||
2015-08-27||
2015-08-28||
2015-08-31||
2015-09-01||
2015-09-02||
2015-09-03||
2015-09-04||
2015-09-08||
2015-09-09||
2015-09-10||
2015-09-11||
2015-09-14||
2015-09-15||
2015-09-16||
2015-09-17||
2015-09-18||
2015-09-21||
2015-09-22||
2015-09-23||
2015-09-24||
2015-09-25||
2015-09-28||
2015-09-29||
2015-09-30||
2015-10-01||
2015-10-02||
2015-10-05||
2015-10-06||
2015-10-07||
2015-10-08||
2015-10-09||
2015-10-12||
2015-10-13||
2015-10-14||
2015-10-15||
2015-10-16||
2015-10-19||
2015-10-20||
2015-10-21||
2015-10-22||
2015-10-23||
2015-10-26||
2015-10-27||
2015-10-28||
2015-10-29||
2015-10-30||
2015-11-02||
2015-11-03||
2015-11-04||
2015-11-05||
2015-11-06||
2015-11-09||
2015-11-10||
2015-11-11||
2015-11-12||
2015-11-13||
2015-11-16||
2015-11-17||
2015-11-18||
2015-11-19||
2015-11-20||
2015-11-23||
2015-11-24||
2015-11-25||
2015-11-27||
2015-11-30||
2015-12-01||
2015-12-02||
2015-12-03||
2015-12-04||
2015-12-07||
2015-12-08||
2015-12-09||
2015-12-10||
2015-12-11||
2015-12-14||
2015-12-15||
2015-12-16||
2015-12-17||
2015-12-18||
2015-12-21||
2015-12-22||
2015-12-23||
2015-12-24||
2015-12-28||
2015-12-29||
2015-12-30||
2015-12-31||
2016-01-04||
2016-01-05||
2016-01-06||
2016-01-07||
2016-01-08||
2016-01-11||
2016-01-12||
2016-01-13||
2016-01-14||
2016-01-15||
2016-01-19||
2016-01-20||
2016-01-21||
2016-01-22||
2016-01-25||
2016-01-26||
2016-01-27||
2016-01-28||
2016-01-29||
2016-02-01||
2016-02-02||
2016-02-03||
2016-02-04||
2016-02-05||
2016-02-08||
2016-02-09||
2016-02-10||
2016-02-11||
2016-02-12||
2016-02-16||
2016-02-17||
2016-02-18||
2016-02-19||
2016-02-22||
2016-02-23||
2016-02-24||
2016-02-25||
2016-02-26||
2016-02-29||
2016-03-01||
2016-03-02||
2016-03-03||
2016-03-04||
2016-03-07||
2016-03-08||
2016-03-09||
2016-03-10||
2016-03-11||
2016-03-14||
2016-03-15||
2016-03-16||
2016-03-17||
2016-03-18||
2016-03-21||
2016-03-22||
2016-03-23||
2016-03-24||
2016-03-28||
2016-03-29||
2016-03-30||
2016-03-31||
2016-04-01||
2016-04-04||
2016-04-05||
2016-04-06||
2016-04-07||
2016-04-08||
2016-04-11||
2016-04-12||
2016-04-13||
2016-04-14||
2016-04-15||
2016-04-18||
2016-04-19||
2016-04-20||
2016-04-21||
2016-04-22||
2016-04-25||
2016-04-26||
2016-04-27||
2016-04-28||
2016-04-29||
2016-05-02||
2016-05-03||
2016-05-04||
2016-05-05||
2016-05-06||
2016-05-09||
2016-05-10||
2016-05-11||
2016-05-12||
2016-05-13||
2016-05-16||
2016-05-17||
2016-05-18||
2016-05-19||
2016-05-20||
2016-05-23||
2016-05-24||
2016-05-25||
2016-05-26||
2016-05-27||
2016-05-31||
2016-06-01||
2016-06-02||
2016-06-03||
2016-06-06||
2016-06-07||
2016-06-08||
2016-06-09||
2016-06-10||
2016-06-13||
2016-06-14||
2016-06-15||
2016-06-16||
2016-06-17||
2016-06-20||
2016-06-21||
2016-06-22||
2016-06-23||
2016-06-24||
2016-06-27||
2016-06-28||
2016-06-29||
2016-06-30||
2016-07-01||
2016-07-05||
2016-07-06||
2016-07-07||
2016-07-08||
2016-07-11||
2016-07-12||
2016-07-13||
2016-07-14||
2016-07-15||
2016-07-18||
2016-07-19||
2016-07-20||
2016-07-21||
2016-07-22||
2016-07-25||
2016-07-26||
2016-07-27||
2016-07-28||
2016-07-29||
2016-08-01||
2016-08-02||
2016-08-03||
2016-08-04||
2016-08-05||
2016-08-08||
2016-08-09||
2016-08-10||
2016-08-11||
2016-08-12||
2016-08-15||
2016-08-16||
2016-08-17||
2016-08-18||
2016-08-19||
2016-08-22||
2016-08-23||
2016-08-24||
2016-08-25||
2016-08-26||
2016-08-29||
2016-08-30||
2016-08-31||
2016-09-01||
2016-09-02||
2016-09-06||
2016-09-07||
2016-09-08||
2016-09-09||
2016-09-12||
2016-09-13||
2016-09-14||
2016-09-15||
2016-09-16||
2016-09-19||
2016-09-20||
2016-09-21||
2016-09-22||
2016-09-23||
2016-09-26||
2016-09-27||
2016-09-28||
2016-09-29||
2016-09-30||
2016-10-03||
2016-10-04||
2016-10-05||
2016-10-06||
2016-10-07||
2016-10-10||
2016-10-11||
2016-10-12||
2016-10-13||
2016-10-14||
2016-10-17||
2016-10-18||
2016-10-19||
2016-10-20||
2016-10-21||
2016-10-24||
2016-10-25||
2016-10-26||
2016-10-27||
2016-10-28||
2016-10-31||
2016-11-01||
2016-11-02||
2016-11-03||
2016-11-04||
2016-11-07||
2016-11-08||
2016-11-09||
2016-11-10||
2016-11-11||
2016-11-14||
2016-11-15||
2016-11-16||
2016-11-17||
2016-11-18||
2016-11-21||
2016-11-22||
2016-11-23||
2016-11-25||
2016-11-28||
2016-11-29||
2016-11-30||
2016-12-01||
2016-12-02||
2016-12-05||
2016-12-06||
2016-12-07||
2016-12-08||
2016-12-09||
2016-12-12||
2016-12-13||
2016-12-14||
2016-12-15||
2016-12-16||
2016-12-19||
2016-12-20||
2016-12-21||
2016-12-22||
2016-12-23||
2016-12-27||
2016-12-28||
2016-12-29||
2016-12-30||
2017-01-03||
2017-01-04||
2017-01-05||
2017-01-06||
2017-01-09||
2017-01-10||
2017-01-11||
2017-01-12||
2017-01-13||
2017-01-17||
2017-01-18||
2017-01-19||
2017-01-20||
2017-01-23||
2017-01-24||
2017-01-25||
2017-01-26||
2017-01-27||
2017-01-30||
2017-01-31||
2017-02-01||
2017-02-02||
2017-02-03||
2017-02-06||
2017-02-07||
2017-02-08||
2017-02-09||
2017-02-10||
2017-02-13||
2017-02-14||
2017-02-15||
2017-02-16||
2017-02-17||
2017-02-21||
2017-02-22||
2017-02-23||
2017-02-24||
2017-02-27||
2017-02-28||
2017-03-01||
2017-03-02||
2017-03-03||
2017-03-06||
2017-03-07||
2017-03-08||
2017-03-09||
2017-03-10||
2017-03-13||
2017-03-14||
2017-03-15||
2017-03-16||
2017-03-17||
2017-03-20||
2017-03-21||
2017-03-22||
2017-03-23||
2017-03-24||
2017-03-27||
2017-03-28||
2017-03-29||
2017-03-30||
2017-03-31||
2017-04-03||
2017-04-04||
2017-04-05||
2017-04-06||
2017-04-07||
2017-04-10||
2017-04-11||
2017-04-12||
2017-04-13||
2017-04-17||
2017-04-18||
2017-04-19||
2017-04-20||
2017-04-21||
2017-04-24||
2017-04-25||
2017-04-26||
2017-04-27||
2017-04-28||
2017-05-01||
2017-05-02||
2017-05-03||
2017-05-04||
2017-05-05||
2017-05-08||
2017-05-09||
2017-05-10||
2017-05-11||
2017-05-12||
2017-05-15||
2017-05-16||
2017-05-17||
2017-05-18||
2017-05-19||
2017-05-22||
2017-05-23||
2017-05-24||
2017-05-25||
2017-05-26||
2017-05-30||
2017-05-31||
2017-06-01||
2017-06-02||
2017-06-05||
2017-06-06||
2017-06-07||
2017-06-08||
2017-06-09||
2017-06-12||
2017-06-13||
2017-06-14||
2017-06-15||
2017-06-16||
2017-06-19||
2017-06-20||
2017-06-21||
2017-06-22||
2017-06-23||
2017-06-26||
2017-06-27||
2017-06-28||
2017-06-29||
2017-06-30||
2017-07-03||
2017-07-05||
2017-07-06||
2017-07-07||
2017-07-10||
2017-07-11||
2017-07-12||
2017-07-13||
2017-07-14||
2017-07-17||
2017-07-18||
2017-07-19||
2017-07-20||
2017-07-21||
2017-07-24||
2017-07-25||
2017-07-26||
2017-07-27||
2017-07-28||
2017-07-31||
2017-08-01||
2017-08-02||
2017-08-03||
2017-08-04||
2017-08-07||
2017-08-08||
2017-08-09||
2017-08-10||
2017-08-11||
2017-08-14||
2017-08-15||
2017-08-16||
2017-08-17||
2017-08-18||
2017-08-21||
2017-08-22||
2017-08-23||
2017-08-24||
2017-08-25||
2017-08-28||
2017-08-29||
2017-08-30||
2017-08-31||
2017-09-01||
2017-09-05||
2017-09-06||
2017-09-07||
2017-09-08||
2017-09-11||
2017-09-12||
2017-09-13||
2017-09-14||
2017-09-15||
2017-09-18||
2017-09-19||
2017-09-20||
2017-09-21||
2017-09-22||
2017-09-25||
2017-09-26||
2017-09-27||
2017-09-28||
2017-09-29||
2017-10-02||
2017-10-03||
2017-10-04||
2017-10-05||
2017-10-06||
2017-10-09||
2017-10-10||
2017-10-11||
2017-10-12||
2017-10-13||
2017-10-16||
2017-10-17||
2017-10-18||
2017-10-19||
2017-10-20||
2017-10-23||
2017-10-24||
2017-10-25||
2017-10-26||
2017-10-27||
2017-10-30||
2017-10-31||
2017-11-01||
2017-11-02||
2017-11-03||
2017-11-06||
2017-11-07||
2017-11-08||
2017-11-09||
2017-11-10||
2017-11-13||
2017-11-14||
2017-11-15||
2017-11-16||
2017-11-17||
2017-11-20||
2017-11-21||
2017-11-22||
2017-11-24||
2017-11-27||
2017-11-28||
2017-11-29||
2017-11-30||
2017-12-01||
2017-12-04||
2017-12-05||
2017-12-06||
2017-12-07||
2017-12-08||
2017-12-11||
2017-12-12||
2017-12-13||
2017-12-14||
2017-12-15||
2017-12-18||
2017-12-19||
2017-12-20||
2017-12-21||
2017-12-22||
2017-12-26||
2017-12-27||
2017-12-28||
2017-12-29||
2018-01-02||
2018-01-03||
2018-01-04||
2018-01-05||
2018-01-08||
2018-01-09||
2018-01-10||
2018-01-11||
2018-01-12||
2018-01-16||
2018-01-17||
2018-01-18||
2018-01-19||
2018-01-22||
2018-01-23||
2018-01-24||
2018-01-25||
2018-01-26||
2018-01-29||
2018-01-30||
2018-01-31||
2018-02-01||
2018-02-02||
2018-02-05||
2018-02-06||
2018-02-07||
2018-02-08||
2018-02-09||
2018-02-12||
2018-02-13||
2018-02-14||
2018-02-15||
2018-02-16||
2018-02-20||
2018-02-21||
2018-02-22||
2018-02-23||
2018-02-26||
2018-02-27||
2018-02-28||
2018-03-01||
2018-03-02||
2018-03-05||
2018-03-06||
2018-03-07||
2018-03-08||
2018-03-09||
2018-03-12||
2018-03-13||
2018-03-14||
2018-03-15||
2018-03-16||
2018-03-19||
2018-03-20||
2018-03-21||
2018-03-22||
2018-03-23||
2018-03-26||
2018-03-27||
2018-03-28||
2018-03-29||
2018-04-02||
2018-04-03||
2018-04-04||
2018-04-05||
2018-04-06||
2018-04-09||
2018-04-10||
2018-04-11||
2018-04-12||
2018-04-13||
2018-04-16||
2018-04-17||
2018-04-18||
2018-04-19||
2018-04-20||
2018-04-23||
2018-04-24||
2018-04-25||
2018-04-26||
2018-04-27||
2018-04-30||
2018-05-01||
2018-05-02||
2018-05-03||
2018-05-04||
2018-05-07||
2018-05-08||
2018-05-09||
2018-05-10||
2018-05-11||
2018-05-14||
2018-05-15||
2018-05-16||
2018-05-17||
2018-05-18||
2018-05-21||
2018-05-22||
2018-05-23||
2018-05-24||
2018-05-25||
2018-05-29||
2018-05-30||
2018-05-31||
2018-06-01||
2018-06-04||
2018-06-05||
2018-06-06||
2018-06-07||
2018-06-08||
2018-06-11||
2018-06-12||
2018-06-13||
2018-06-14||
2018-06-15||
2018-06-18||
2018-06-19||
2018-06-20||
2018-06-21||
2018-06-22||
2018-06-25||
2018-06-26||
2018-06-27||
2018-06-28||
2018-06-29||
2018-07-02||
2018-07-03||
2018-07-05||
2018-07-06||
2018-07-09||
2018-07-10||
2018-07-11||
2018-07-12||
2018-07-13||
2018-07-16||
2018-07-17||
2018-07-18||
2018-07-19||
2018-07-20||
2018-07-23||
2018-07-24||
2018-07-25||
2018-07-26||
2018-07-27||
2018-07-30||
2018-07-31||
2018-08-01||
2018-08-02||
2018-08-03||
2018-08-06||
2018-08-07||
2018-08-08||
2018-08-09||
2018-08-10||
2018-08-13||
2018-08-14||
2018-08-15||
2018-08-16||
2018-08-17||
2018-08-20||
2018-08-21||
2018-08-22||
2018-08-23||
2018-08-24||
2018-08-27||
2018-08-28||
2018-08-29||
2018-08-30||
2018-08-31||
2018-09-04||
2018-09-05||
2018-09-06||
2018-09-07||
2018-09-10||
2018-09-11||
2018-09-12||
2018-09-13||
2018-09-14||
2018-09-17||
2018-09-18||
2018-09-19||
2018-09-20||
2018-09-21||
2018-09-24||
2018-09-25||
2018-09-26||
2018-09-27||
2018-09-28||
2018-10-01||
2018-10-02||
2018-10-03||
2018-10-04||
2018-10-05||
2018-10-08||
2018-10-09||
2018-10-10||
2018-10-11||
2018-10-12||
2018-10-15||
2018-10-16||
2018-10-17||
2018-10-18||
2018-10-19||
2018-10-22||
2018-10-23||
2018-10-24||
2018-10-25||
2018-10-26||
2018-10-29||
2018-10-30||
2018-10-31||
2018-11-01||
2018-11-02||
2018-11-05||
2018-11-06||
2018-11-07||
2018-11-08||
2018-11-09||
2018-11-12||
2018-11-13||
2018-11-14||
2018-11-15||
2018-11-16||
2018-11-19||
2018-11-20||
2018-11-21||
2018-11-23||
2018-11-26||
2018-11-27||
2018-11-28||
2018-11-29||
2018-11-30||
2018-12-03||
2018-12-04||
2018-12-06||
2018-12-07||
2018-12-10||
2018-12-11||
2018-12-12||
2018-12-13||
2018-12-14||
2018-12-17||
2018-12-18||
2018-12-19||
2018-12-20||
2018-12-21||
2018-12-24||
2018-12-26||
2018-12-27||
2018-12-28||
2018-12-31||
2019-01-02||
2019-01-03||
2019-01-04||
2019-01-07||
2019-01-08||
2019-01-09||
2019-01-10||
2019-01-11||
2019-01-14||
2019-01-15||
2019-01-16||
2019-01-17||
2019-01-18||
2019-01-22||
2019-01-23||
2019-01-24||
2019-01-25||
2019-01-28||
2019-01-29||
2019-01-30||
2019-01-31||
2019-02-01||
2019-02-04||
2019-02-05||
2019-02-06||
2019-02-07||
2019-02-08||
2019-02-11||
2019-02-12||
2019-02-13||
2019-02-14||
2019-02-15||
2019-02-19||
2019-02-20||
2019-02-21||
2019-02-22||
2019-02-25||
2019-02-26||
2019-02-27||
2019-02-28||
2019-03-01||
2019-03-04||
2019-03-05||
2019-03-06||
2019-03-07||
2019-03-08||
2019-03-11||
2019-03-12||
2019-03-13||
2019-03-14||
2019-03-15||
2019-03-18||
2019-03-19||
2019-03-20||
2019-03-21||
2019-03-22||
2019-03-25||
2019-03-26||
2019-03-27||
2019-03-28||
2019-03-29||
2019-04-01||
2019-04-02||
2019-04-03||
2019-04-04||
2019-04-05||
2019-04-08||
2019-04-09||
2019-04-10||
2019-04-11||
2019-04-12||
2019-04-15||
2019-04-16||
2019-04-17||
2019-04-18||
2019-04-22||
2019-04-23||
2019-04-24||
2019-04-25||
2019-04-26||
2019-04-29||
2019-04-30||
2019-05-01||
2019-05-02||
2019-05-03||
2019-05-06||
2019-05-07||
2019-05-08||
2019-05-09||
2019-05-10||
2019-05-13||
2019-05-14||
2019-05-15||
2019-05-16||
2019-05-17||
2019-05-20||
2019-05-21||
2019-05-22||
2019-05-23||
2019-05-24||
2019-05-28||
2019-05-29||
2019-05-30||
2019-05-31||
2019-06-03||
2019-06-04||
2019-06-05||
2019-06-06||
2019-06-07||
2019-06-10||
2019-06-11||
2019-06-12||
2019-06-13||
2019-06-14||
2019-06-17||
2019-06-18||
2019-06-19||
2019-06-20||
2019-06-21||
2019-06-24||
2019-06-25||
2019-06-26||
2019-06-27||
2019-06-28||
2019-07-01||
2019-07-02||
2019-07-03||
2019-07-05||
2019-07-08||
2019-07-09||
2019-07-10||
2019-07-11||
2019-07-12||
2019-07-15||
2019-07-16||
2019-07-17||
2019-07-18||
2019-07-19||
2019-07-22||
2019-07-23||
2019-07-24||
2019-07-25||
2019-07-26||
2019-07-29||
2019-07-30||
2019-07-31||
2019-08-01||
2019-08-02||
2019-08-05||
2019-08-06||
2019-08-07||
2019-08-08||
2019-08-09||
2019-08-12||
2019-08-13||
2019-08-14||
2019-08-15||
2019-08-16||
2019-08-19||
2019-08-20||
2019-08-21||
2019-08-22||
2019-08-23||
2019-08-26||
2019-08-27||
2019-08-28||
2019-08-29||
2019-08-30||
2019-09-03||
2019-09-04||
2019-09-05||
2019-09-06||
2019-09-09||
2019-09-10||
2019-09-11||
2019-09-12||
2019-09-13||
2019-09-16||
2019-09-17||
2019-09-18||
2019-09-19||
2019-09-20||
2019-09-23||
2019-09-24||
2019-09-25||
2019-09-26||
2019-09-27||
2019-09-30||
2019-10-01||
2019-10-02||
2019-10-03||
2019-10-04||
2019-10-07||
2019-10-08||
2019-10-09||
2019-10-10||
2019-10-11||
2019-10-14||
2019-10-15||
2019-10-16||
2019-10-17||
2019-10-18||
2019-10-21||
2019-10-22||
2019-10-23||
2019-10-24||
2019-10-25||
2019-10-28||
2019-10-29||
2019-10-30||
2019-10-31||
2019-11-01||
2019-11-04||
2019-11-05||
2019-11-06||
2019-11-07||
2019-11-08||
2019-11-11||
2019-11-12||
2019-11-13||
2019-11-14||
2019-11-15||
2019-11-18||
2019-11-19||
2019-11-20||
2019-11-21||
2019-11-22||
2019-11-25||
2019-11-26||
2019-11-27||
2019-11-29||
2019-12-02||
2019-12-03||
2019-12-04||
2019-12-05||
2019-12-06||
2019-12-09||
2019-12-10||
2019-12-11||
2019-12-12||
2019-12-13||
2019-12-16||
2019-12-17||
2019-12-18||
2019-12-19||
2019-12-20||
2019-12-23||
2019-12-24||
2019-12-26||
2019-12-27||
2019-12-30||
2019-12-31||
2020-01-02||
2020-01-03||
2020-01-06||
2020-01-07||
2020-01-08||
2020-01-09||
2020-01-10||
2020-01-13||
2020-01-14||
2020-01-15||
2020-01-16||
2020-01-17||
2020-01-21||
2020-01-22||
2020-01-23||
2020-01-24||
2020-01-27||
2020-01-28||
2020-01-29||
2020-01-30||
2020-01-31||
2020-02-03||
2020-02-04||
2020-02-05||
2020-02-06||
2020-02-07||
2020-02-10||
2020-02-11||
2020-02-12||
2020-02-13||
2020-02-14||
2020-02-18||
2020-02-19||
2020-02-20||
2020-02-21||
2020-02-24||
2020-02-25||
2020-02-26||
2020-02-27||
2020-02-28||
2020-03-02||
2020-03-03||
2020-03-04||
2020-03-05||
2020-03-06||
2020-03-09||
2020-03-10||
2020-03-11||
2020-03-12||
2020-03-13||
2020-03-16||
2020-03-17||
2020-03-18||
2020-03-19||
2020-03-20||
2020-03-23||
2020-03-24||
2020-03-25||
2020-03-26||
2020-03-27||
2020-03-30||
2020-03-31||
2020-04-01||
2020-04-02||
2020-04-03||
2020-04-06||
2020-04-07||
2020-04-08||
2020-04-09||
2020-04-13||
2020-04-14||
2020-04-15||
2020-04-16||
2020-04-17||
2020-04-20||
2020-04-21||
2020-04-22||
2020-04-23||
2020-04-24||
2020-04-27||
2020-04-28||
2020-04-29||
2020-04-30||
2020-05-01||
2020-05-04||
2020-05-05||
2020-05-06||
2020-05-07||
2020-05-08||
2020-05-11||
2020-05-12||
2020-05-13||
2020-05-14||
2020-05-15||
2020-05-18||
2020-05-19||
2020-05-20||
2020-05-21||
2020-05-22||
2020-05-26||
2020-05-27||
2020-05-28||
2020-05-29||
2020-06-01||
2020-06-02||
2020-06-03||
2020-06-04||
2020-06-05||
2020-06-08||
2020-06-09||
2020-06-10||
2020-06-11||
2020-06-12||
2020-06-15||
2020-06-16||
2020-06-17||
2020-06-18||
2020-06-19||
2020-06-22||
2020-06-23||
2020-06-24||
2020-06-25||
2020-06-26||
2020-06-29||
2020-06-30||
2020-07-01||
2020-07-02||
2020-07-06||
2020-07-07||
2020-07-08||
2020-07-09||
2020-07-10||
2020-07-13||
2020-07-14||
2020-07-15||
2020-07-16||
2020-07-17||
2020-07-20||
2020-07-21||
2020-07-22||
2020-07-23||
2020-07-24||
2020-07-27||
2020-07-28||
2020-07-29||
2020-07-30||
2020-07-31||
2020-08-03||
2020-08-04||
2020-08-05||
2020-08-06||
2020-08-07||
2020-08-10||
2020-08-11||
2020-08-12||
2020-08-13||
2020-08-14||
2020-08-17||
2020-08-18||
2020-08-19||
2020-08-20||
2020-08-21||
2020-08-24||
2020-08-25||
2020-08-26||
2020-08-27||
2020-08-28||
2020-08-31||
2020-09-01||
2020-09-02||
2020-09-03||
2020-09-04||
2020-09-08||
2020-09-09||
2020-09-10||
2020-09-11||
2020-09-14||
2020-09-15||
2020-09-16||
2020-09-17||
2020-09-18||
2020-09-21||
2020-09-22||
2020-09-23||
2020-09-24||
2020-09-25||
2020-09-28||
2020-09-29||
2020-09-30||
2020-10-01||
2020-10-02||
2020-10-05||
2020-10-06||
2020-10-07||
2020-10-08||
2020-10-09||
2020-10-12||
2020-10-13||
2020-10-14||
2020-10-15||
2020-10-16||
2020-10-19||
2020-10-20||
2020-10-21||
2020-10-22||
2020-10-23||
2020-10-26||
2020-10-27||
2020-10-28||
2020-10-29||
2020-10-30||
2020-11-02||
2020-11-03||
2020-11-04||
2020-11-05||
2020-11-06||
2020-11-09||
2020-11-10||
2020-11-11||
2020-11-12||
2020-11-13||
2020-11-16||
2020-11-17||
2020-11-18||
2020-11-19||
2020-11-20||
2020-11-23||
2020-11-24||
2020-11-25||
2020-11-27||
2020-11-30||
2020-12-01||
2020-12-02||
2020-12-03||
2020-12-04||
2020-12-07||
2020-12-08||
2020-12-09||
2020-12-10||
2020-12-11||
2020-12-14||
2020-12-15||
2020-12-16||
2020-12-17||
2020-12-18||
2020-12-21||
2020-12-22||
2020-12-23||
2020-12-24||
2020-12-28||
2020-12-29||
2020-12-30||
2020-12-31||
2021-01-04||
2021-01-05||
2021-01-06||
2021-01-07||
2021-01-08||
2021-01-11||
2021-01-12||
2021-01-13||
2021-01-14||
2021-01-15||
2021-01-19||
2021-01-20||
2021-01-21||
2021-01-22||
2021-01-25||
2021-01-26||
2021-01-27||
2021-01-28||
2021-01-29||
2021-02-01||
2021-02-02||
2021-02-03||
2021-02-04||
2021-02-05||
2021-02-08||
2021-02-09||
2021-02-10||
2021-02-11||
2021-02-12||
2021-02-16||
2021-02-17||
2021-02-18||
2021-02-19||
2021-02-22||
2021-02-23||
2021-02-24||
2021-02-25||
2021-02-26||
2021-03-01||
2021-03-02||
2021-03-03||
2021-03-04||
2021-03-05||
2021-03-08||
2021-03-09||
2021-03-10||
2021-03-11||
2021-03-12||
2021-03-15||
2021-03-16||
2021-03-17||
2021-03-18||
2021-03-19||
2021-03-22||
2021-03-23||
2021-03-24||
2021-03-25||
2021-03-26||
2021-03-29||
2021-03-30||
2021-03-31||
2021-04-01||
2021-04-05||
2021-04-06||
2021-04-07||
2021-04-08||
2021-04-09||
2021-04-12||
2021-04-13||
2021-04-14||
2021-04-15||
2021-04-16||
2021-04-19||
2021-04-20||
2021-04-21||
2021-04-22||
2021-04-23||
2021-04-26||
2021-04-27||
2021-04-28||
2021-04-29||
2021-04-30||
2021-05-03||
2021-05-04||
2021-05-05||
2021-05-06||
2021-05-07||
2021-05-10||
2021-05-11||
2021-05-12||
2021-05-13||
2021-05-14||
2021-05-17||
2021-05-18||
2021-05-19||
2021-05-20||
2021-05-21||
2021-05-24||
2021-05-25||
2021-05-26||
2021-05-27||
2021-05-28||
2021-06-01||
2021-06-02||
2021-06-03||
2021-06-04||
2021-06-07||
2021-06-08||
2021-06-09||
2021-06-10||
2021-06-11||
2021-06-14||
2021-06-15||
2021-06-16||
2021-06-17||
2021-06-18||
2021-06-21||
2021-06-22||
2021-06-23||
2021-06-24||
2021-06-25||
2021-06-28||
2021-06-29||
2021-06-30||
2021-07-01||
2021-07-02||
2021-07-06||
2021-07-07||
2021-07-08||
2021-07-09||
2021-07-12||
2021-07-13||
2021-07-14||
2021-07-15||
2021-07-16||
2021-07-19||
2021-07-20||
2021-07-21||
2021-07-22||
2021-07-23||
2021-07-26||
2021-07-27||
2021-07-28||
2021-07-29||
2021-07-30||
2021-08-02||
2021-08-03||
2021-08-04||
2021-08-05||
2021-08-06||
2021-08-09||
2021-08-10||
2021-08-11||
2021-08-12||
2021-08-13||
2021-08-16||
2021-08-17||
2021-08-18||
2021-08-19||
2021-08-20||
2021-08-23||
2021-08-24||
2021-08-25||
2021-08-26||
2021-08-27||
2021-08-30||
2021-08-31||
2021-09-01||
2021-09-02||
2021-09-03||
2021-09-07||
2021-09-08||
2021-09-09||
2021-09-10||
2021-09-13||
2021-09-14||
2021-09-15||
2021-09-16||
2021-09-17||
2021-09-20||
2021-09-21||
2021-09-22||
2021-09-23||
2021-09-24||
2021-09-27||
2021-09-28||
2021-09-29||
2021-09-30||
2021-10-01||
2021-10-04||
2021-10-05||
2021-10-06||
2021-10-07||
2021-10-08||
2021-10-11||
2021-10-12||
2021-10-13||
2021-10-14||
2021-10-15||
2021-10-18||
2021-10-19||
2021-10-20||
2021-10-21||
2021-10-22||
2021-10-25||
2021-10-26||
2021-10-27||
2021-10-28||
2021-10-29||
2021-11-01||
2021-11-02||
2021-11-03||
2021-11-04||
2021-11-05||
2021-11-08||
2021-11-09||
2021-11-10||
2021-11-11||
2021-11-12||
2021-11-15||
2021-11-16||
2021-11-17||
2021-11-18||
2021-11-19||
2021-11-22||
2021-11-23||
2021-11-24||
2021-11-26||
2021-11-29||
2021-11-30||
2021-12-01||
2021-12-02||
2021-12-03||
2021-12-06||
2021-12-07||
2021-12-08||
2021-12-09||
2021-12-10||
2021-12-13||
2021-12-14||
2021-12-15||
2021-12-16||
2021-12-17||
2021-12-20||
2021-12-21||
2021-12-22||
2021-12-23||
2021-12-27||
2021-12-28||
2021-12-29||
2021-12-30||
2021-12-31||
2022-01-03||
2022-01-04||
2022-01-05||
2022-01-06||
2022-01-07||
2022-01-10||
2022-01-11||
2022-01-12||
2022-01-13||
2022-01-14||
2022-01-18||
2022-01-19||
2022-01-20||
2022-01-21||
2022-01-24||
2022-01-25||
2022-01-26||
2022-01-27||
2022-01-28||
2022-01-31||
2022-02-01||
2022-02-02||
2022-02-03||
2022-02-04||
2022-02-07||
2022-02-08||
2022-02-09||
2022-02-10||
2022-02-11||
2022-02-14||
2022-02-15||
2022-02-16||
2022-02-17||
2022-02-18||
2022-02-22||
2022-02-23||
2022-02-24||
2022-02-25||
2022-02-28||
2022-03-01||
2022-03-02||
2022-03-03||
2022-03-04||
2022-03-07||
2022-03-08||
2022-03-09||
2022-03-10||
2022-03-11||
2022-03-14||
2022-03-15||
2022-03-16||
2022-03-17||
2022-03-18||
2022-03-21||
2022-03-22||
2022-03-23||
2022-03-24||
2022-03-25||
2022-03-28||
2022-03-29||
2022-03-30||
2022-03-31||
2022-04-01||
2022-04-04||
2022-04-05||
2022-04-06||
2022-04-07||
2022-04-08||
2022-04-11||
2022-04-12||
2022-04-13||
2022-04-14||
2022-04-18||
2022-04-19||
2022-04-20||
2022-04-21||
2022-04-22||
2022-04-25||
2022-04-26||
2022-04-27||
2022-04-28||
2022-04-29||
2022-05-02||
2022-05-03||
2022-05-04||
2022-05-05||
2022-05-06||
2022-05-09||
2022-05-10||
2022-05-11||
2022-05-12||
2022-05-13||
2022-05-16||
2022-05-17||
2022-05-18||
2022-05-19||
2022-05-20||
2022-05-23||
2022-05-24||
2022-05-25||
2022-05-26||
2022-05-27||
2022-05-31||
2022-06-01||
2022-06-02||
2022-06-03||
2022-06-06||
2022-06-07||
2022-06-08||
2022-06-09||
2022-06-10||
2022-06-13||
2022-06-14||
2022-06-15||
2022-06-16||
2022-06-17||
2022-06-21||
2022-06-22||
2022-06-23||
2022-06-24||
2022-06-27||
2022-06-28||
2022-06-29||
2022-06-30||
2022-07-01||
2022-07-05||
2022-07-06||
2022-07-07||
2022-07-08||
2022-07-11||
2022-07-12||
2022-07-13||
2022-07-14||
2022-07-15||
2022-07-18||
2022-07-19||
2022-07-20||
2022-07-21||
2022-07-22||
2022-07-25||
2022-07-26||
2022-07-27||
2022-07-28||
2022-07-29||
2022-08-01||
2022-08-02||
2022-08-03||
2022-08-04||
2022-08-05||
2022-08-08||
2022-08-09||
2022-08-10||
2022-08-11||
2022-08-12||
2022-08-15||
2022-08-16||
2022-08-17||
2022-08-18||
2022-08-19||
2022-08-22||
2022-08-23||
2022-08-24||
2022-08-25||
2022-08-26||
2022-08-29||
2022-08-30||
2022-08-31||
2022-09-01||
2022-09-02||
2022-09-06||
2022-09-07||
2022-09-08||
2022-09-09||
2022-09-12||
2022-09-13||
2022-09-14||
2022-09-15||
2022-09-16||
2022-09-19||
2022-09-20||
2022-09-21||
2022-09-22||
2022-09-23||
2022-09-26||
2022-09-27||
2022-09-28||
2022-09-29||
2022-09-30||
2022-10-03||
2022-10-04||
2022-10-05||
2022-10-06||
2022-10-07||
2022-10-10||
2022-10-11||
2022-10-12||
2022-10-13||
2022-10-14||
2022-10-17||
2022-10-18||
2022-10-19||
2022-10-20||
2022-10-21||
2022-10-24||
2022-10-25||
2022-10-26||
2022-10-27||
2022-10-28||
2022-10-31||
2022-11-01||
2022-11-02||
2022-11-03||
2022-11-04||
2022-11-07||
2022-11-08||
2022-11-09||
2022-11-10||
2022-11-11||
2022-11-14||
2022-11-15||
2022-11-16||
2022-11-17||
2022-11-18||
2022-11-21||
2022-11-22||
2022-11-23||
2022-11-25||
2022-11-28||
2022-11-29||
2022-11-30||
2022-12-01||
2022-12-02||
2022-12-05||
2022-12-06||
2022-12-07||
2022-12-08||
2022-12-09||
2022-12-12||
2022-12-13||
2022-12-14||
2022-12-15||
2022-12-16||
2022-12-19||
2022-12-20||
2022-12-21||
2022-12-22||
2022-12-23||
2022-12-27||
2022-12-28||
2022-12-29||
2022-12-30||
2023-01-03||
2023-01-04||
2023-01-05||
2023-01-06||
2023-01-09||
2023-01-10||
2023-01-11||
2023-01-12||
2023-01-13||
2023-01-17||
2023-01-18||
2023-01-19||
2023-01-20||
2023-01-23||
2023-01-24||
2023-01-25||
2023-01-26||
2023-01-27||
2023-01-30||
2023-01-31||
2023-02-01||
2023-02-02||
2023-02-03||
2023-02-06||
2023-02-07||
2023-02-08||
2023-02-09||
2023-02-10||
2023-02-13||
2023-02-14||
2023-02-15||
2023-02-16||
2023-02-17||
2023-02-21||
2023-02-22||
2023-02-23||
2023-02-24||
2023-02-27||
2023-02-28||
2023-03-01||
2023-03-02||
2023-03-03||
2023-03-06|4018.1892156600957|3992.01
2023-03-07|4050.755022525788|3918.32
2023-03-08|4000.1876410102846|3861.59
2023-03-09|3941.9482862055306|3855.76
2023-03-10|3906.1266159617903|3919.29
2023-03-13|3922.1566681408885|3891.93
2023-03-14|3925.073961896897|3960.28
2023-03-15|4008.6551094496253|3916.64
2023-03-16|3889.7117277610305|3951.57
2023-03-17|3928.6124448323253|4002.87
2023-03-20|3919.7938538718226|3936.97
2023-03-21|3721.0864819264416|3948.72
2023-03-22|3928.311533907652|3970.99
2023-03-23|4120.950475763083|3977.53
2023-03-24|4086.1197672414783|3971.27
2023-03-27|4022.24487803936|4027.81
2023-03-28|4057.77854891181|4050.83
2023-03-29|4100.745687990189|4109.31
2023-03-30|4116.596413038969|4124.51
2023-03-31|4116.727680498362|4100.6
2023-04-03|4135.961232533456|4090.38
2023-04-04|4142.378991873265|4105.02
2023-04-05|4132.178147392273|4109.11
2023-04-06|4130.926444022656|4108.94
2023-04-10|4125.767561137676|4091.95
2023-04-11|4126.435375370979|4146.22
2023-04-12|4168.637504911423|4137.64
2023-04-13|4157.547556518317|4151.32
2023-04-14|4166.590306391717|4154.87
2023-04-17|4154.583279054165|4154.52
2023-04-18|4167.203246523142|4129.79
2023-04-19|4121.031890280247|4133.52
2023-04-20|4129.840080267191|4137.04
2023-04-21|4142.237323440314|4071.63
2023-04-24|4129.344061424733|4055.99
2023-04-25|4116.296219422818|4135.35
2023-04-26|4072.7563094902043|4169.48
2023-04-27|4105.226714322567|4167.87
2023-04-28|4198.679461745024|4119.58
2023-05-01|4148.036404180527|4090.75
2023-05-02|4134.850838942528|4061.22
2023-05-03|4066.7825641250615|4136.25
2023-05-04|4100.206271982193|4138.12
2023-05-05|4133.398289186955|4119.17
2023-05-08|4162.6408056736|4137.64
2023-05-09|4165.339678984881|4130.62
2023-05-10|4136.845315285921|4124.08
2023-05-11|4114.939071700574|4136.28
2023-05-12|4130.486733899117|4109.9
2023-05-15|4120.7091014456755|4158.77
2023-05-16|4148.168388948441|4198.05
2023-05-17|4187.259910086394|4191.98
2023-05-18|4184.122761268616|4192.63
2023-05-19|4169.632770484686|4145.58
2023-05-22|4133.414787282944|4115.24
2023-05-23|4135.4964166116715|4151.28
2023-05-24|4146.550499578715|4205.45
2023-05-25|4174.781252396107|4205.52
2023-05-26|4196.563042953015|4179.83
2023-05-30|4171.4357254529|4221.02
2023-05-31|4243.873126473427|4282.37
2023-06-01|4242.736192467213|4273.79
2023-06-02|4240.193333759308|4283.85
2023-06-05|4277.542871153355|4267.52
2023-06-06|4310.267203202248|4293.93
2023-06-07|4271.231273474694|4298.86
2023-06-08|4272.831588785649|4338.93
2023-06-09|4285.841772090197|4369.01
2023-06-12|4353.671900478602|4372.59
2023-06-13|4383.724616940022|4425.84
2023-06-14|4410.638391312361|4409.59
2023-06-15|4401.922734124661|4388.71
2023-06-16|4377.291076812745|4365.69
2023-06-20|4351.112902328969|4381.89
2023-06-21|4384.622687208653|4348.33
2023-06-22|4379.456631238461|4328.82
2023-06-23|4318.31755673647|4378.41
2023-06-26|4327.701028157473|4376.86
2023-06-27|4371.589550031424|4396.44
2023-06-28|4415.266824545861|4450.38
2023-06-29|4383.895336368084|4455.59
2023-06-30|4392.104573739767|4446.82
2023-07-03|4374.5143755269055|4411.59
2023-07-05|4391.286483371258|4398.95
2023-07-06|4369.97847509265|4409.53
2023-07-07|4336.748799190522|4439.26
2023-07-10|4411.4062700843815|4472.16
2023-07-11|4431.666649267674|4510.04
2023-07-12|4468.8856365108495|4505.42
2023-07-13|4457.739379398823|4522.79
2023-07-14|4472.252682709694|4554.98
2023-07-17|4497.622450489998|4565.72
2023-07-18|4523.148591527939|4534.87
2023-07-19|4512.870277726651|4536.34
2023-07-20|4507.812893997431|4554.64
2023-07-21|4528.239330103398|4567.46
2023-07-24|4530.140914993286|4566.75
2023-07-25|4523.88849526763|4537.41
2023-07-26|4505.180371724367|4582.23
2023-07-27|4547.251592459679|4588.96
2023-07-28|4531.179219077826|4576.73
2023-07-31|4565.006412978173|4513.39
2023-08-01|4523.834697128535|4501.89
2023-08-02|4509.742095265389|4478.03
2023-08-03|4438.476776368619|4518.44
2023-08-04|4465.38624688983|4499.38
2023-08-07|4439.190498347283|4467.71
2023-08-08|4469.129521408081|4468.83
2023-08-09|4431.197529494762|4464.05
2023-08-10|4387.749435052872|4489.72
2023-08-11|4430.555179713965|4437.86
2023-08-14|4395.339635170699|4404.33
2023-08-15|4372.928047732115|4370.36
2023-08-16|4311.981570568085|4369.71
2023-08-17|4309.15645095706|4399.77
2023-08-18|4359.819951814414|4387.55
2023-08-21|4369.246103092432|4436.01
2023-08-22|4401.36323347807|4376.31
2023-08-23|4346.373644928933|4405.71
2023-08-24|4351.6171702194215|4433.31
2023-08-25|4431.544706819058|4497.63
2023-08-28|4481.838435133696|4514.87
2023-08-29|4520.115811100007|4507.66
2023-08-30|4483.59655831933|4515.77
2023-08-31|4480.767852165699|4496.83
2023-09-01|4475.020058984757|4465.48
2023-09-05|4461.483371225596|4451.14
2023-09-06|4420.796914590597|4457.49
2023-09-07|4451.394068219662|4487.46
2023-09-08|4449.130601180792|4461.9
2023-09-11|4459.348661066294|4467.44
2023-09-12|4459.059944386483|4505.1
2023-09-13|4471.231235375405|4450.32
2023-09-14|4411.472262468338|4453.53
2023-09-15|4392.251263332368|4443.95
2023-09-18|4415.658474998474|4402.2
2023-09-19|4411.014619631767|4330.0
2023-09-20|4338.981780617238|4320.06
2023-09-21|4286.338508241177|4337.44
2023-09-22|4332.746934950352|4273.53
2023-09-25|4284.119155676365|4274.51
2023-09-26|4279.008332462311|4299.7
2023-09-27|4276.425304477215|4288.05
2023-09-28|4279.612306237221|4288.39
2023-09-29|4317.808267686368|4229.45
2023-10-02|4233.55571935773|4263.75
2023-10-03|4225.378043560982|4258.19
2023-10-04|4249.302793325186|4308.5
2023-10-05|4322.921601480246|4335.66
2023-10-06|4318.507284840346|4358.24
2023-10-09|4385.031911720038|4376.95
2023-10-10|4386.6365308821205|4349.61
2023-10-11|4382.956738168002|4327.78
2023-10-12|4347.575854010583|4373.63
2023-10-13|4403.854445972443|4373.2
2023-10-16|4385.019358820916|4314.6
2023-10-17|4379.814209536315|4278.0
2023-10-18|4323.688762943745|4224.16
2023-10-19|4249.616974457503|4217.04
2023-10-20|4248.0446341788775|4247.68
2023-10-23|4300.104734727144|4186.77
2023-10-24|4204.190901768208|4137.23
2023-10-25|4172.972917613984|4117.37
2023-10-26|4146.387670544386|4166.82
2023-10-27|4227.8226310014725|4193.8
2023-10-30|4219.606937853098|4237.86
2023-10-31|4268.020241879225|4317.78
2023-11-01|4328.388568375111|4358.34
2023-11-02|4336.95108019352|4365.98
2023-11-03|4349.0251758778095|4378.38
2023-11-06|4405.699363489151|4382.78
2023-11-07|4388.850862287283|4347.35
2023-11-08|4386.806174347401|4415.24
2023-11-09|4433.178735630512|4411.55
2023-11-10|4465.929249440432|4495.7
2023-11-13|4509.327849594355|4502.88
2023-11-14|4527.939495141507|4508.24
2023-11-15|4513.02234713316|4514.02
2023-11-16|4547.608812103272|4547.38
2023-11-17|4554.858649327755|4538.19
2023-11-20|4592.773784490824|4556.62
2023-11-21|4600.276472969055|4559.34
2023-11-22|4602.575446779729|4550.43
2023-11-24|4597.187742476463|4554.89
2023-11-27|4593.877363650799|4550.58
2023-11-28|4606.936682589055|4567.8
2023-11-29|4618.710943311453|4594.63
2023-11-30|4647.3358571612835|4569.78
2023-12-01|4559.265792882443|4567.18
2023-12-04|4591.59166004777|4549.34
2023-12-05|4622.647173821926|4585.59
2023-12-06|4604.67070497036|4604.37
2023-12-07|4620.117226667405|4622.44
2023-12-08|4629.0731822097305|4643.7
2023-12-11|4616.673428456784|4707.09
2023-12-12|4723.585752972364|4719.55
2023-12-13|4705.055163288117|4719.19
2023-12-14|4701.456785091162|4740.56
2023-12-15|4734.705469669104|4768.37
2023-12-18|4684.440433695317|4698.35
2023-12-19|4702.919735820294|4746.75
2023-12-20|4748.823894639016|4754.63
2023-12-21|4727.461729567051|4774.75
2023-12-22|4752.485754640103|4781.58
2023-12-26|4785.4575581288345|4783.35
2023-12-27|4738.96520632267|4769.83
2023-12-28|4754.710487018824|4742.83
2023-12-29|4701.164840523005|4704.81
2024-01-02|4699.427877938748|4688.68
2024-01-03|4729.878700629473|4697.24
2024-01-04|4722.453481471539|4763.54
2024-01-05|4745.950356702805|4756.5
2024-01-08|4748.4623711442955|4783.45
2024-01-09|4782.6564683532715|4780.24
2024-01-10|4812.948765860797|4783.83
2024-01-11|4753.628068460226|4765.98
2024-01-12|4803.735655213595|4739.21
2024-01-16|4746.011686581373|4780.94
2024-01-17|4771.443860203028|4839.81
2024-01-18|4844.817348843813|4850.43
2024-01-19|4829.643404384852|4864.6
2024-01-22|4834.740240082741|4868.55
2024-01-23|4863.462349237204|4894.16
2024-01-24|4890.175635877848|4890.97
2024-01-25|4861.668001971245|4927.93
2024-01-26|4913.934687373639|4924.97
2024-01-29|4916.297860296965|4845.65
2024-01-30|4816.063678114415|4906.19
2024-01-31|4926.182371720076|4958.61
2024-02-01|4967.024842958451|4942.81
2024-02-02|4916.270243918896|4954.23
2024-02-05|4886.145796605349|4995.06
2024-02-06|4944.764966272116|4997.91
2024-02-07|4964.388016834259|5026.61
2024-02-08|4975.640076953173|5021.84
2024-02-09|4953.447268613577|4953.17
2024-02-12|4904.629043927193|5000.62
2024-02-13|4984.0982203817375|5029.73
2024-02-14|4942.045649667979|5005.57
2024-02-15|4931.463197053671|4975.51
2024-02-16|4936.302160338164|4981.8
2024-02-20|4948.924638386965|5087.03
2024-02-21|5054.927774351836|5088.8
2024-02-22|5042.102297991514|5069.53
2024-02-23|4927.03668616891|5078.18
2024-02-26|5066.224666253329|5069.76
2024-02-27|5008.811292210818|5096.27
2024-02-28|5052.650319796801|5137.08
2024-02-29|5093.55161033392|5130.95
2024-03-01|5038.257882971764|5078.65
2024-03-04|5026.504065542222|5104.76
2024-03-05|5061.919021854401|5157.36
2024-03-06|5110.900434229375|5123.69
2024-03-07|5029.496676692963|5117.94
2024-03-08|5053.806262478829|5175.27
2024-03-11|5166.114540345669|5165.31
2024-03-12|5097.5563438081745|5150.48
2024-03-13|5066.126036331654|5117.09
2024-03-14|5069.727642416954|5149.42
2024-03-15|5054.522136383057|5178.51
2024-03-18|5061.474290571213|5224.62
2024-03-19|5199.766352312566|5241.53
2024-03-20|5170.126446905137|5234.18
2024-03-21|5152.103352999688|5218.19
2024-03-22|5150.929836258889|5203.58
2024-03-25|5177.435820736885|5248.49
2024-03-26|5225.248737530709|5254.35
2024-03-27|5199.538248202801|5243.77
2024-03-28|5204.908019793034|5205.81
2024-04-01|5166.288846316338|5211.49
2024-04-02|5167.946904963255|5147.21
2024-04-03|5097.62735735178|5204.34
2024-04-04|5177.2184762549405|5202.39
2024-04-05|5150.7185888993745|5209.91
2024-04-08|5133.816648212672|5160.64
2024-04-09|5115.3387807047375|5199.06
2024-04-10|5168.278660154343|5123.41
2024-04-11|5072.545588942767|5061.82
2024-04-12|5022.837901690006|5051.41
2024-04-15|5035.185650575161|5022.21
2024-04-16|4992.942634449006|5011.12
2024-04-17|4910.908362722397|4967.23
2024-04-18|4946.464628813267|5010.6
2024-04-19|4978.7894200158125|5070.55
2024-04-22|5046.552121403218|5071.63
2024-04-23|5030.381835408211|5048.42
2024-04-24|5014.681386494637|5099.96
2024-04-25|5065.052942783833|5116.17
2024-04-26|5058.865439479351|5035.69
2024-04-29|4987.814595830441|5018.39
2024-04-30|5063.459800558091|5064.2
2024-05-01|5118.316687030792|5127.79
2024-05-02|5126.047838273049|5180.74
2024-05-03|5205.492626237869|5187.7
2024-05-06|5162.925386660099|5187.67
2024-05-07|5218.746335785389|5214.08
2024-05-08|5249.32448073864|5222.68
2024-05-09|5225.519880151749|5221.42
2024-05-10|5227.597922937871|5246.68
2024-05-13|5266.232159893513|5308.15
2024-05-14|5361.743941426277|5297.1
2024-05-15|5281.680474861861|5303.27
2024-05-16|5320.8369124209885|5308.13
2024-05-17|5377.630890555382|5321.41
2024-05-20|5341.461325678826|5307.01
2024-05-21|5343.46763761282|5267.84
2024-05-22|5315.152959698439|5304.72
2024-05-23|5328.700407085419|5306.04
2024-05-24|5333.045503453017|5266.95
2024-05-28|5316.254028278589|5235.48
2024-05-29|5275.334087719918|5277.51
2024-05-30|5323.97621316433|5283.4
2024-05-31|5300.258406908512|5291.34
2024-06-03|5327.542671132088|5354.03
2024-06-04|5392.512173137665|5352.96
2024-06-05|5390.381766829491|5346.99
2024-06-06|5307.633055815697|5360.79
2024-06-07|5425.098064641953|5375.32
2024-06-10|5367.681821365357|5421.03
2024-06-11|5436.078623485566|5433.74
2024-06-12|5442.9454179596905|5431.6
2024-06-13|5417.234928631783|5473.23
2024-06-14|5504.28677346468|5487.03
2024-06-17|5449.5546986746795|5473.17
2024-06-18|5439.817235498429|5464.62
2024-06-20|5483.6856727337845|5447.87
2024-06-21|5384.646885201932|5469.3
2024-06-24|5464.902949104309|5477.9
2024-06-25|5491.04418219924|5482.87
2024-06-26|5471.425076833963|5460.48
2024-06-27|5424.0070383811|5475.09
2024-06-28|5463.358583858014|5509.01
2024-07-01|5496.276230553389|5537.02
2024-07-02|5482.468041518927|5567.19
2024-07-03|5585.469958630801|5572.85
2024-07-05|5485.181261000634|5576.98
2024-07-08|5530.891387864352|5633.91
2024-07-09|5630.441616371871|5584.54
2024-07-10|5545.530578820706|5615.35
2024-07-11|5590.254406467677|5631.22
2024-07-12|5648.537875746489|5667.2
2024-07-15|5700.28379516244|5588.27
2024-07-16|5546.543777107001|5544.59
2024-07-17|5573.543628501892|5505.0
2024-07-18|5568.994816514254|5564.41
2024-07-19|5544.301112015248|5555.74
2024-07-22|5606.401021281481|5427.13
2024-07-23|5425.147558929921|5399.22
2024-07-24|5451.889896565676|5459.1
2024-07-25|5555.158652447462|5463.54
2024-07-26|5437.7273571217065|5436.44
2024-07-29|5478.120075917244|5522.3
2024-07-30|5575.209577542544|5446.68
2024-07-31|5466.971666879655|5346.56
2024-08-01|5347.29483722806|5186.33
2024-08-02|5309.71755437851|5240.03
2024-08-05|5274.897246830464|5199.5
2024-08-06|5218.499581654072|5319.31
2024-08-07|5403.892272827626|5344.16
2024-08-08|5329.122543150187|5344.39
2024-08-09|5402.573501111269|5434.43
2024-08-12|5432.320644142628|5455.21
2024-08-13|5532.347524162531|5543.22
2024-08-14|5481.814573456049|5554.25
2024-08-15|5599.483656556607|5608.25
2024-08-16|5596.321401940585|5597.12
2024-08-19|5646.421456954479|5620.85
2024-08-20|5629.378206489087|5570.64
2024-08-21|5653.2584831249715|5634.61
2024-08-22|5656.453733932973|5616.84
2024-08-23|5663.878594436646|5625.8
2024-08-26|5647.9697673976425|5592.18
2024-08-27|5596.280874009133|5591.96
2024-08-28|5613.682420080901|5648.4
2024-08-29|5687.356102337838|5528.93
2024-08-30|5536.294514300824|5520.07
2024-09-03|5604.922648419142|5503.41
2024-09-04|5561.070350625516|5408.42
2024-09-05|5436.531245162488|5471.05
2024-09-06|5541.935069857836|5495.52
2024-09-09|5550.595135635138|5554.13
2024-09-10|5546.781564881802|5595.76
2024-09-11|5618.1759993124015|5626.02
2024-09-12|5573.975089577437|5633.09
2024-09-13|5642.247797323465|5634.58
2024-09-16|5656.061007517576|5618.26
2024-09-17|5613.163806020022|5713.64
2024-09-18|5791.817383636237|5702.55
2024-09-19|5644.938780241013|5718.57
2024-09-20|5726.337875272036|5732.93
2024-09-23|5719.737560913563|5722.26
2024-09-24|5781.959053974152|5745.37
2024-09-25|5940.894896303415|5738.17
2024-09-26|5619.199598572254|5762.48
2024-09-27|5724.812160047293|5708.75
2024-09-30|5748.379690167904|5709.54
2024-10-01|5504.514160265923|5699.94
2024-10-02|5795.009765210152|5751.07
2024-10-03|5744.916883281469|5695.94
2024-10-04|5714.025633158684|5751.13
2024-10-07|5732.9141597950465|5792.04
2024-10-08|5804.44667611599|5780.05
2024-10-09|5757.377249604464|5815.03
2024-10-10|5801.2758137977125|5859.85
2024-10-11|5914.879550853968|5815.26
2024-10-14|5822.88222242117|5842.47
2024-10-15|5794.128193037511|5841.47
2024-10-16|5870.841470153332|5864.67
2024-10-17|5908.359933704139|5853.98
2024-10-18|5912.363949869871|5851.2
2024-10-21|5896.191153295041|5797.42
2024-10-22|5781.534765983821|5809.86
2024-10-23|5832.906967660189|5808.12
2024-10-24|5798.437782633305|5823.52
2024-10-25|5822.271075561047|5832.92
2024-10-28|5823.772760950327|5813.67
2024-10-29|5820.242885717154|5705.45
2024-10-30|5673.108203179837|5728.8
2024-10-31|5781.30307533145|5712.69
2024-11-01|5773.878214827776|5782.76
2024-11-04||
2024-11-05||
2024-11-06||
2024-11-07||
2024-11-08||
2024-11-11||
2024-11-12||
2024-11-13||
2024-11-14||
2024-11-15||
2024-11-18||
2024-11-19||
2024-11-20||
2024-11-21||
2024-11-22||
2024-11-25||
2024-11-26||
2024-11-27||
2024-11-29||
2024-12-02||
2024-12-03||
2024-12-04||
2024-12-05||
2024-12-06||
2024-12-09||
2024-12-10||
2024-12-11||
2024-12-12||
2024-12-13||
2024-12-16||
2024-12-17||
2024-12-18||
2024-12-19||
2024-12-20||
2024-12-23||
2024-12-24||
2024-12-26||
2024-12-27||
2024-12-30||
2024-12-31||
2025-01-02||
2025-01-03||
2025-01-06||
2025-01-07||
2025-01-08||
2025-01-10||
2025-01-13||
2025-01-14||
2025-01-15||
2025-01-16||
2025-01-17||
2025-01-21||
2025-01-22||
2025-01-23||
2025-01-24||
2025-01-27||
2025-01-28||
2025-01-29||
2025-01-30||
2025-01-31||
2025-02-03||
2025-02-04||
2025-02-05||
2025-02-06||
2025-02-07||
2025-02-10||
2025-02-11||
2025-02-12||
2025-02-13||
2025-02-14||
2025-02-18||
2025-02-19||
2025-02-20||
2025-02-21||
2025-02-24||
2025-02-25||
2025-02-26||
2025-02-27||
2025-02-28||
2025-03-03||
2025-03-04||
2025-03-05||
2025-03-06||
2025-03-07||
2025-03-10||
2025-03-11||
2025-03-12||
2025-03-13||
2025-03-14||
2025-03-17||
2025-03-18||
2025-03-19||
2025-03-20||
2025-03-21||
2025-03-24||
2025-03-25||
2025-03-26||
2025-03-27||
2025-03-28||
2025-03-31||
2025-04-01||
2025-04-02||
2025-04-03||
2025-04-04||
2025-04-07||
2025-04-08||
2025-04-09||
2025-04-10||
2025-04-11||
2025-04-14||
2025-04-15||
2025-04-16||
2025-04-17||
2025-04-21||
2025-04-22||
2025-04-23||
2025-04-24||
2025-04-25||
2025-04-28||
2025-04-29||
2025-04-30||
2025-05-01||
2025-05-02||
2025-05-05||
2025-05-06||
2025-05-07||
2025-05-08||
2025-05-09||
2025-05-12||
2025-05-13||
2025-05-14||
2025-05-15||
2025-05-16||
2025-05-19||
2025-05-20||
2025-05-21||
2025-05-22||
2025-05-23||
2025-05-27||
2025-05-28||
2025-05-29||
2025-05-30||
2025-06-02||
2025-06-03||
2025-06-04||
2025-06-05||
2025-06-06||
2025-06-09||
2025-06-10||
2025-06-11||
2025-06-12||
2025-06-13||
2025-06-16||
2025-06-17||
2025-06-18||
2025-06-20||
2025-06-23||
2025-06-24||
2025-06-25||
2025-06-26||
2025-06-27||
2025-06-30||
2025-07-01||
2025-07-02||
2025-07-03||
2025-07-07||
2025-07-08||
2025-07-09||
2025-07-10||
2025-07-11||
2025-07-14||
2025-07-15||
2025-07-16||
2025-07-17||
2025-07-18||
2025-07-21||
2025-07-22||
2025-07-23||
2025-07-24||
2025-07-25||
2025-07-28||
2025-07-29||
2025-07-30||
2025-07-31||
2025-08-01||
2025-08-04||
2025-08-05||
2025-08-06||
2025-08-07||
2025-08-08||
2025-08-11||
2025-08-12||
2025-08-13||
2025-08-14||
2025-08-15||
2025-08-18||
2025-08-19||
2025-08-20||
2025-08-21||
2025-08-22||
2025-08-25||
2025-08-26||
2025-08-27||
2025-08-28||
2025-08-29||
2025-09-02||
2025-09-03||
2025-09-04||
2025-09-05||
2025-09-08||
2025-09-09||
2025-09-10||
2025-09-11||
2025-09-12||
2025-09-15||
2025-09-16||
2025-09-17||
2025-09-18||
