|cible|prediction|Signal achat
2023-01-17|3898.85|3952.8667199999936|True
2023-01-18|3972.61|3938.232759999999|True
2023-01-19|4019.81|3921.5393999999965|False
2023-01-20|4016.95|3981.9609999999943|False
2023-01-23|4016.22|3986.774399999992|False
2023-01-24|4060.43|3958.8639999999955|False
2023-01-25|4070.56|4006.172600000001|False
2023-01-26|4017.77|4026.0823599999985|False
2023-01-27|4076.6|4038.6441200000004|True
2023-01-30|4119.21|4016.111839999999|False
2023-01-31|4179.76|4062.3638799999976|False
2023-02-01|4136.48|4095.6519199999957|False
2023-02-02|4111.08|4166.6878000000015|True
2023-02-03|4164.0|4147.3348399999995|True
2023-02-06|4117.86|4111.210400000003|False
2023-02-07|4081.5|4132.475759999995|True
2023-02-08|4090.46|4127.711519999999|True
2023-02-09|4137.29|4089.0921199999975|False
2023-02-10|4136.13|4091.675399999999|False
2023-02-13|4147.6|4120.936279999999|False
2023-02-14|4090.41|4129.327879999996|False
2023-02-15|4079.09|4125.594079999998|True
2023-02-16|3997.34|4108.658279999998|True
2023-02-17|3991.05|4050.9146399999972|True
2023-02-21|4012.32|3931.2895999999982|False
2023-02-22|3970.04|3978.537199999994|False
2023-02-23|3982.24|4006.677559999999|True
2023-02-24|3970.15|3995.371199999996|True
2023-02-27|3951.39|4003.79856|True
2023-02-28|3981.35|3977.0199200000034|True
2023-03-01|4045.64|3982.57032|True
2023-03-02|4048.42|3999.3381999999965|False
2023-03-03|3986.37|4012.6974|False
2023-03-06|3992.01|3999.1547600000004|True
2023-03-07|3918.32|3978.5070800000003|False
2023-03-08|3861.59|3983.2332000000015|True
2023-03-09|3855.76|3944.6461599999993|True
2023-03-10|3919.29|3869.62252|True
2023-03-13|3891.93|3857.664880000001|False
2023-03-14|3960.28|3949.308000000001|True
2023-03-15|3916.64|3877.919280000007|False
2023-03-16|3951.57|3967.679840000001|True
2023-03-17|4002.87|3942.061560000004|False
2023-03-20|3936.97|3981.4319599999967|False
2023-03-21|3948.72|3974.4032799999945|True
2023-03-22|3970.99|3948.7827599999955|True
2023-03-23|3977.53|3975.810479999992|True
2023-03-24|3971.27|3981.9959999999983|True
2023-03-27|4027.81|3982.610079999997|True
2023-03-28|4050.83|3989.962040000003|False
2023-03-29|4109.31|4030.7627199999997|False
2023-03-30|4124.51|4050.4019200000057|False
2023-03-31|4100.6|4115.659999999999|False
2023-04-03|4090.38|4097.535639999994|False
2023-04-04|4105.02|4110.066679999996|True
2023-04-05|4109.11|4103.015880000004|False
2023-04-06|4108.94|4107.017919999996|False
2023-04-10|4091.95|4109.583039999994|True
2023-04-11|4146.22|4097.3109999999915|True
2023-04-12|4137.64|4120.023839999991|False
2023-04-13|4151.32|4112.442319999991|False
2023-04-14|4154.87|4141.871119999995|False
2023-04-17|4154.52|4152.234719999995|False
2023-04-18|4129.79|4152.724040000004|False
2023-04-19|4133.52|4142.5968800000055|True
2023-04-20|4137.04|4137.143640000002|True
2023-04-21|4071.63|4138.723520000002|True
2023-04-24|4055.99|4119.508160000003|True
2023-04-25|4135.35|4050.535480000001|False
2023-04-26|4169.48|4049.5363999999972|False
2023-04-27|4167.87|4107.839239999997|False
2023-04-28|4119.58|4146.017879999998|False
2023-05-01|4090.75|4166.62544|True
2023-05-02|4061.22|4127.394199999996|True
2023-05-03|4136.25|4097.009479999992|True
2023-05-04|4138.12|4064.0696399999974|False
2023-05-05|4119.17|4114.353639999995|False
2023-05-08|4137.64|4121.448439999997|True
2023-05-09|4130.62|4122.297040000002|False
2023-05-10|4124.08|4121.96052|False
2023-05-11|4136.28|4121.774399999994|False
2023-05-12|4109.9|4124.098680000004|False
2023-05-15|4158.77|4121.272160000005|True
2023-05-16|4198.05|4110.258760000002|False
2023-05-17|4191.98|4132.2756400000035|False
2023-05-18|4192.63|4163.568199999998|False
2023-05-19|4145.58|4173.4007599999995|False
2023-05-22|4115.24|4170.382919999994|True
2023-05-23|4151.28|4133.35332|True
2023-05-24|4205.45|4127.474880000007|False
2023-05-25|4205.52|4155.00356|False
2023-05-26|4179.83|4178.290479999999|False
2023-05-30|4221.02|4185.443559999996|True
2023-05-31|4282.37|4175.975080000002|False
2023-06-01|4273.79|4219.147279999998|False
2023-06-02|4283.85|4262.52604|False
2023-06-05|4267.52|4269.138839999996|False
2023-06-06|4293.93|4268.616119999999|True
2023-06-07|4298.86|4268.151520000004|False
2023-06-08|4338.93|4282.718440000002|False
2023-06-09|4369.01|4319.059520000002|False
2023-06-12|4372.59|4352.468320000002|False
2023-06-13|4425.84|4363.479800000002|False
2023-06-14|4409.59|4369.849599999995|False
2023-06-15|4388.71|4440.734439999998|True
2023-06-16|4365.69|4410.529239999996|True
2023-06-20|4381.89|4385.9951599999995|True
2023-06-21|4348.33|4375.948880000001|False
2023-06-22|4328.82|4376.546639999999|True
2023-06-23|4378.41|4346.525639999999|True
2023-06-26|4376.86|4352.088480000003|False
2023-06-27|4396.44|4371.239560000002|False
2023-06-28|4450.38|4390.185759999995|False
2023-06-29|4455.59|4397.192439999993|False
2023-06-30|4446.82|4425.534399999996|False
2023-07-03|4411.59|4429.203999999994|False
2023-07-05|4398.95|4413.565439999994|True
2023-07-06|4409.53|4409.885919999999|True
2023-07-07|4439.26|4406.847119999995|False
2023-07-10|4472.16|4413.9712800000025|False
2023-07-11|4510.04|4435.943719999998|False
2023-07-12|4505.42|4469.289200000003|False
2023-07-13|4522.79|4512.446200000005|True
2023-07-14|4554.98|4514.908920000001|False
2023-07-17|4565.72|4533.3218000000015|False
2023-07-18|4534.87|4574.756959999995|True
2023-07-19|4536.34|4563.96604|True
2023-07-20|4554.64|4541.0845199999985|True
2023-07-21|4567.46|4542.452520000003|False
2023-07-24|4566.75|4553.241239999998|False
2023-07-25|4537.41|4557.85152|False
2023-07-26|4582.23|4545.814360000001|True
2023-07-27|4588.96|4553.777879999995|False
2023-07-28|4576.73|4559.853319999999|False
2023-07-31|4513.39|4566.908759999995|False
2023-08-01|4501.89|4556.748239999996|True
2023-08-02|4478.03|4500.688720000001|False
2023-08-03|4518.44|4461.462840000005|False
2023-08-04|4499.38|4456.81659999999|False
2023-08-07|4467.71|4513.688119999998|True
2023-08-08|4468.83|4475.543039999992|True
2023-08-09|4464.05|4461.756479999994|False
2023-08-10|4489.72|4462.670120000001|False
2023-08-11|4437.86|4424.828639999997|False
2023-08-14|4404.33|4469.588439999989|True
2023-08-15|4370.36|4408.126839999997|True
2023-08-16|4369.71|4386.999959999995|True
2023-08-17|4399.77|4373.232919999995|True
2023-08-18|4387.55|4390.202800000001|False
2023-08-21|4436.01|4392.105879999999|True
2023-08-22|4376.31|4385.853480000006|False
2023-08-23|4405.71|4413.842199999997|True
2023-08-24|4433.31|4374.864880000006|False
2023-08-25|4497.63|4411.963880000004|False
2023-08-28|4514.87|4441.061919999996|False
2023-08-29|4507.66|4487.376680000003|False
2023-08-30|4515.77|4529.09548|True
2023-08-31|4496.83|4529.564760000003|True
2023-09-01|4465.48|4518.447000000001|True
2023-09-05|4451.14|4492.839799999998|True
2023-09-06|4457.49|4435.540559999995|False
2023-09-07|4487.46|4436.0207199999995|False
2023-09-08|4461.9|4461.221359999993|False
2023-09-11|4467.44|4470.244720000001|True
2023-09-12|4505.1|4456.125879999998|False
2023-09-13|4450.32|4469.643079999994|False
2023-09-14|4453.53|4482.614119999992|True
2023-09-15|4443.95|4457.5169199999955|True
2023-09-18|4402.2|4454.099399999992|True
2023-09-19|4330.0|4433.759279999988|True
2023-09-20|4320.06|4405.569559999997|True
2023-09-21|4337.44|4356.285240000004|True
2023-09-22|4273.53|4369.7657999999965|True
2023-09-25|4274.51|4346.66268|True
2023-09-26|4299.7|4295.6466|True
2023-09-27|4288.05|4291.120239999997|False
2023-09-28|4288.39|4303.351840000001|True
2023-09-29|4229.45|4292.123800000005|True
2023-10-02|4263.75|4291.653159999998|True
2023-10-03|4258.19|4270.564839999996|True
2023-10-04|4308.5|4257.982879999995|False
2023-10-05|4335.66|4265.265679999996|False
2023-10-06|4358.24|4305.906720000001|False
2023-10-09|4376.95|4354.793880000001|False
2023-10-10|4349.61|4395.083239999999|True
2023-10-11|4327.78|4392.0939199999975|True
2023-10-12|4373.63|4367.818840000002|True
2023-10-13|4373.2|4358.781240000002|False
2023-10-16|4314.6|4381.791200000003|True
2023-10-17|4278.0|4373.326919999999|True
2023-10-18|4224.16|4342.088079999995|True
2023-10-19|4217.04|4279.215439999994|True
2023-10-20|4247.68|4260.691439999998|True
2023-10-23|4186.77|4256.702840000004|True
2023-10-24|4137.23|4249.686240000005|True
2023-10-25|4117.37|4198.620440000001|True
2023-10-26|4166.82|4144.763359999999|True
2023-10-27|4193.8|4124.467879999995|False
2023-10-30|4237.86|4158.452279999996|False
2023-10-31|4317.78|4186.831799999995|False
2023-11-01|4358.34|4248.737440000002|False
2023-11-02|4365.98|4332.3658799999985|False
2023-11-03|4378.38|4356.927559999998|False
2023-11-06|4382.78|4367.330039999999|False
2023-11-07|4347.35|4365.212040000004|False
2023-11-08|4415.24|4354.317119999998|True
2023-11-09|4411.55|4364.973879999999|False
2023-11-10|4495.7|4445.518319999997|True
2023-11-13|4502.88|4437.876679999994|False
2023-11-14|4508.24|4509.281239999997|True
2023-11-15|4514.02|4510.037279999999|True
2023-11-16|4547.38|4508.364440000002|False
2023-11-17|4538.19|4534.131360000001|False
2023-11-20|4556.62|4546.694959999994|True
2023-11-21|4559.34|4552.936679999996|False
2023-11-22|4550.43|4554.968120000001|False
2023-11-24|4554.89|4561.9295600000005|True
2023-11-27|4550.58|4559.529959999998|True
2023-11-28|4567.8|4556.704079999999|True
2023-11-29|4594.63|4559.978520000002|False
2023-11-30|4569.78|4562.046040000001|False
2023-12-01|4567.18|4573.590480000002|True
2023-12-04|4549.34|4546.464399999996|False
2023-12-05|4585.59|4551.06724|True
2023-12-06|4604.37|4555.865159999998|False
2023-12-07|4622.44|4567.380480000004|False
2023-12-08|4643.7|4589.645879999999|False
2023-12-11|4707.09|4607.296479999991|False
2023-12-12|4719.55|4647.544399999989|False
2023-12-13|4719.19|4662.052520000001|False
2023-12-14|4740.56|4669.757919999994|False
2023-12-15|4768.37|4701.74848|False
2023-12-18|4698.35|4727.231200000007|False
2023-12-19|4746.75|4713.408960000002|True
2023-12-20|4754.63|4696.383399999998|False
2023-12-21|4774.75|4730.5226|False
2023-12-22|4781.58|4763.858920000002|False
2023-12-26|4783.35|4769.336559999999|False
2023-12-27|4769.83|4778.057239999999|False
2023-12-28|4742.83|4778.233840000004|True
2023-12-29|4704.81|4761.247680000003|True
2024-01-02|4688.68|4707.994000000002|True
2024-01-03|4697.24|4693.7688|True
2024-01-04|4763.54|4697.162719999997|False
2024-01-05|4756.5|4683.320280000003|False
2024-01-08|4783.45|4704.8428|False
2024-01-09|4780.24|4739.549039999996|False
2024-01-10|4783.83|4755.165159999993|False
2024-01-11|4765.98|4757.543919999997|False
2024-01-12|4739.21|4758.962199999995|False
2024-01-16|4780.94|4748.307799999994|True
2024-01-17|4839.81|4737.5465999999915|False
2024-01-18|4850.43|4768.502559999996|False
2024-01-19|4864.6|4786.509240000002|False
2024-01-22|4868.55|4778.274560000009|False
2024-01-23|4894.16|4811.750280000011|False
2024-01-24|4890.97|4853.056920000006|False
2024-01-25|4927.93|4876.502679999992|False
2024-01-26|4924.97|4895.287240000003|False
2024-01-29|4845.65|4914.797759999992|False
2024-01-30|4906.19|4894.653999999995|True
2024-01-31|4958.61|4875.149519999995|False
2024-02-01|4942.81|4906.549959999992|False
2024-02-02|4954.23|4924.347800000002|False
2024-02-05|4995.06|4931.748239999997|False
2024-02-06|4997.91|4960.066600000008|False
2024-02-07|5026.61|4974.146880000007|False
2024-02-08|5021.84|4999.532400000005|False
2024-02-09|4953.17|5008.865880000007|False
2024-02-12|5000.62|4986.775040000005|True
2024-02-13|5029.73|4988.929800000008|False
2024-02-14|5005.57|4989.277960000009|False
2024-02-15|4975.51|5008.835879999994|True
2024-02-16|4981.8|5001.989159999999|True
2024-02-20|5087.03|4983.471320000003|True
2024-02-21|5088.8|5040.938760000014|False
2024-02-22|5069.53|5005.72644000001|False
2024-02-23|5078.18|5023.121800000014|False
2024-02-26|5069.76|5045.118600000015|False
2024-02-27|5096.27|5057.060560000008|False
2024-02-28|5137.08|5063.20472000001|False
2024-02-29|5130.95|5097.457840000007|False
2024-03-01|5078.65|5101.141799999994|False
2024-03-04|5104.76|5086.634559999996|True
2024-03-05|5157.36|5096.626520000006|False
2024-03-06|5123.69|5114.049760000007|False
2024-03-07|5117.94|5110.282919999995|False
2024-03-08|5175.27|5119.957079999985|True
2024-03-11|5165.31|5123.164000000001|False
2024-03-12|5150.48|5128.80856|False
2024-03-13|5117.09|5138.170399999998|False
2024-03-14|5149.42|5133.967519999991|True
2024-03-15|5178.51|5142.315720000009|False
2024-03-18|5224.62|5146.972400000002|False
2024-03-19|5241.53|5166.234320000002|False
2024-03-20|5234.18|5182.194720000005|False
2024-03-21|5218.19|5208.990280000009|False
2024-03-22|5203.58|5209.1300399999955|False
2024-03-25|5248.49|5207.876120000003|True
2024-03-26|5254.35|5226.55952|False
2024-03-27|5243.77|5230.813959999996|False
2024-03-28|5205.81|5230.392800000002|False
2024-04-01|5211.49|5225.054760000005|True
2024-04-02|5147.21|5227.964120000007|True
2024-04-03|5204.34|5203.524679999996|True
2024-04-04|5202.39|5189.130759999999|False
2024-04-05|5209.91|5204.574520000007|True
2024-04-08|5160.64|5202.510959999996|False
2024-04-09|5199.06|5193.9873999999945|True
2024-04-10|5123.41|5184.191640000001|False
2024-04-11|5061.82|5174.194760000002|True
2024-04-12|5051.41|5125.869879999998|True
2024-04-15|5022.21|5086.443400000002|True
2024-04-16|5011.12|5054.315679999993|True
2024-04-17|4967.23|5032.900440000003|True
2024-04-18|5010.6|5004.85396|True
2024-04-19|5070.55|5009.561799999998|False
2024-04-22|5071.63|5015.566880000007|False
2024-04-23|5048.42|5069.72812|False
2024-04-24|5099.96|5057.227480000003|True
2024-04-25|5116.17|5045.372560000002|False
2024-04-26|5035.69|5100.068119999995|False
2024-04-29|5018.39|5090.502959999995|True
2024-04-30|5064.2|5070.631879999999|True
2024-05-01|5127.79|5053.74288|False
2024-05-02|5180.74|5093.01708|False
2024-05-03|5187.7|5119.373919999995|False
2024-05-06|5187.67|5159.468599999996|False
2024-05-07|5214.08|5173.819120000003|False
2024-05-08|5222.68|5185.5992000000015|False
2024-05-09|5221.42|5197.952040000003|False
2024-05-10|5246.68|5204.718079999998|False
2024-05-13|5308.15|5221.113320000002|False
2024-05-14|5297.1|5252.03144|False
2024-05-15|5303.27|5264.813160000003|False
2024-05-16|5308.13|5262.299880000003|False
2024-05-17|5321.41|5268.6058799999955|False
2024-05-20|5307.01|5297.923479999994|False
2024-05-21|5267.84|5303.742920000001|False
2024-05-22|5304.72|5277.633599999997|True
2024-05-23|5306.04|5275.600559999994|False
2024-05-24|5266.95|5299.7592|False
2024-05-28|5235.48|5296.963319999993|True
2024-05-29|5277.51|5258.370839999992|True
2024-05-30|5283.4|5243.140480000001|False
2024-05-31|5291.34|5273.554239999999|False
2024-06-03|5354.03|5285.30888|False
2024-06-04|5352.96|5316.232440000012|False
2024-06-05|5346.99|5319.711639999998|False
2024-06-06|5360.79|5332.6227999999965|False
2024-06-07|5375.32|5333.1844800000035|False
2024-06-10|5421.03|5338.478359999999|False
2024-06-11|5433.74|5370.807800000009|False
2024-06-12|5431.6|5402.46092|False
2024-06-13|5473.23|5416.7730400000055|False
2024-06-14|5487.03|5425.373919999997|False
2024-06-17|5473.17|5452.525200000002|False
2024-06-18|5464.62|5461.026760000003|False
2024-06-20|5447.87|5460.5138400000105|False
2024-06-21|5469.3|5453.231360000013|True
2024-06-24|5477.9|5452.287760000014|False
2024-06-25|5482.87|5462.358160000012|False
2024-06-26|5460.48|5464.788360000011|False
2024-06-27|5475.09|5460.519600000001|True
2024-06-28|5509.01|5462.2874400000055|False
2024-07-01|5537.02|5481.275040000015|False
2024-07-02|5567.19|5495.877200000011|False
2024-07-03|5572.85|5516.990239999996|False
2024-07-05|5576.98|5536.933400000005|False
2024-07-08|5633.91|5552.205119999996|False
2024-07-09|5584.54|5596.965359999991|False
2024-07-10|5615.35|5597.475680000002|True
2024-07-11|5631.22|5585.814600000005|False
2024-07-12|5667.2|5613.397999999994|False
2024-07-15|5588.27|5639.018599999985|False
2024-07-16|5544.59|5625.929319999994|True
2024-07-17|5505.0|5594.574359999997|True
2024-07-18|5564.41|5543.723320000001|True
2024-07-19|5555.74|5552.115039999996|False
2024-07-22|5427.13|5567.865079999996|True
2024-07-23|5399.22|5484.55235999999|True
2024-07-24|5459.1|5439.902719999987|True
2024-07-25|5463.54|5454.874839999999|False
2024-07-26|5436.44|5424.903119999993|False
2024-07-29|5522.3|5414.212599999988|False
2024-07-30|5446.68|5461.376360000006|False
2024-07-31|5346.56|5454.8324799999955|True
2024-08-01|5186.33|5411.857880000004|True
2024-08-02|5240.03|5294.308160000005|True
2024-08-05|5199.5|5224.4812400000055|False
2024-08-06|5319.31|5246.378040000006|True
2024-08-07|5344.16|5267.184800000013|False
2024-08-08|5344.39|5303.45784000001|False
2024-08-09|5434.43|5317.569320000002|False
2024-08-12|5455.21|5355.938320000004|False
2024-08-13|5543.22|5376.535160000004|False
2024-08-14|5554.25|5446.620679999995|False
2024-08-15|5608.25|5472.686719999995|False
2024-08-16|5597.12|5529.78352|False
2024-08-19|5620.85|5548.215720000007|False
2024-08-20|5570.64|5561.903400000006|False
2024-08-21|5634.61|5584.091080000001|True
2024-08-22|5616.84|5554.940040000002|False
2024-08-23|5625.8|5582.525720000006|False
2024-08-26|5592.18|5599.026160000009|False
2024-08-27|5591.96|5594.435640000005|True
2024-08-28|5648.4|5537.083960000003|False
2024-08-29|5528.93|5582.434720000003|False
2024-08-30|5520.07|5572.854|True
2024-09-03|5503.41|5491.103200000002|False
2024-09-04|5408.42|5486.869159999998|False
2024-09-05|5471.05|5440.790680000003|True
2024-09-06|5495.52|5428.199800000008|False
2024-09-09|5554.13|5447.335720000003|False
2024-09-10|5595.76|5487.525119999999|False
2024-09-11|5626.02|5494.225840000002|False
2024-09-12|5633.09|5573.081120000002|False
2024-09-13|5634.58|5598.530720000008|False
2024-09-16|5618.26|5600.991400000001|False
2024-09-17|5713.64|5569.4216400000005|False
2024-09-18|5702.55|5630.586599999992|False
2024-09-19|5718.57|5636.981280000004|False
2024-09-20|5732.93|5631.9408|False
2024-09-23|5722.26|5680.580759999999|False
2024-09-24|5745.37|5701.421560000003|False
2024-09-25|5738.17|5709.72088000001|False
2024-09-26|5762.48|5723.236360000009|False
2024-09-27|5708.75|5733.1944399999975|False
2024-09-30|5709.54|5731.561240000001|True
2024-10-01|5699.94|5704.409799999999|False
2024-10-02|5751.07|5690.713799999992|False
2024-10-03|5695.94|5717.295239999991|False
2024-10-04|5751.13|5719.9171599999945|True
2024-10-07|5792.04|5706.98811999998|False
2024-10-08|5780.05|5749.65032|False
2024-10-09|5815.03|5761.920000000009|False
2024-10-10|5859.85|5786.642080000017|False
2024-10-11|5815.26|5816.594360000013|False
2024-10-14|5842.47|5825.980320000008|True
2024-10-15|5841.47|5826.771000000005|False
2024-10-16|5864.67|5833.545119999991|False
2024-10-17|5853.98|5838.193759999992|False
2024-10-18|5851.2|5844.764919999989|False
2024-10-21|5797.42|5848.174079999986|False
2024-10-22|5809.86|5820.609319999991|True
2024-10-23|5808.12|5829.166639999994|True
2024-10-24|5823.52|5815.239720000006|True
2024-10-25|5832.92|5818.43284000001|False
2024-10-28|5813.67|5826.70552|False
2024-10-29|5705.45|5824.041680000004|True
2024-10-30|5728.8|5789.741359999997|True
2024-10-31|5712.69|5739.562120000002|True
2024-11-01|5782.76|5730.568199999996|True
2024-11-04|5929.04|5739.5959599999915|False
2024-11-05|5973.1|5807.135120000005|False
2024-11-06|5995.54|5851.780400000005|False
2024-11-07|6001.35|5903.149520000012|False
2024-11-08|5983.99|5952.058960000013|False
2024-11-11|5985.38|5967.328160000008|False
2024-11-12|5949.17|5966.668519999994|False
2024-11-13|5870.62|5956.617359999992|True
2024-11-14|5893.62|5904.778840000014|True
2024-11-15|5916.98|5902.483040000016|True
2024-11-18|5917.11|5929.770560000001|True
2024-11-19|5948.71|5927.843240000006|True
2024-11-20|5969.34|5928.948959999999|False
2024-11-21|5987.37|5950.376640000009|False
2024-11-22|6021.63|5969.928160000017|False
2024-11-25|5998.74|5988.229799999999|False
2024-11-26|6032.38|5975.706439999994|False
2024-11-27|6047.15|5968.973439999994|False
2024-11-29|6049.88|6019.8118799999875|False
2024-12-02|6086.49|6019.1577599999855|False
2024-12-03|6075.11|6047.436119999987|False
2024-12-04|6090.27|6061.829720000002|False
2024-12-05|6052.85|6058.7900400000035|False
2024-12-06|6034.91|6073.932000000005|True
2024-12-09|6084.19|6039.4180000000015|True
2024-12-10|6051.25|6061.700399999988|False
2024-12-11|6051.09|6063.505999999991|True
2024-12-12|6074.08|6052.82904|True
2024-12-13|6050.61|6064.742799999999|False
2024-12-16|5872.16|6057.7087200000005|True
2024-12-17|5867.08|5957.97156|True
2024-12-18|5930.85|5938.247199999998|True
2024-12-19|5974.07|5942.944080000011|True
2024-12-20|6040.04|5965.581080000005|False
2024-12-23|6037.59|5992.135760000012|False
2024-12-24|5970.84|6017.714479999999|False
2024-12-26|5906.94|5997.837240000008|True
2024-12-27|5881.63|5952.11948|True
2024-12-30|5868.55|5947.464279999999|True
2024-12-31|5942.47|5946.78504000001|True
2025-01-02|5975.38|5935.725960000002|False
2025-01-03|5909.03|5981.954920000007|True
2025-01-06|5918.25|5951.961720000005|True
2025-01-07|5827.04|5937.486959999998|True
2025-01-08|5836.22|5951.098240000003|True
2025-01-10|5842.91|5910.126919999996|True
2025-01-13|5949.91|5885.5925599999955|True
2025-01-14|5937.34|5909.57731999999|False
2025-01-15|5996.66|5900.693800000003|False
2025-01-16|6049.24|5929.326199999993|False
2025-01-17|6086.37|5987.247239999998|False
2025-01-21|6118.71|6021.824120000004|False
2025-01-22|6101.24|6044.121399999999|False
2025-01-23|6012.28|6063.260439999993|False
2025-01-24|6067.7|6030.405879999999|True
2025-01-27|6039.31|5983.309520000001|False
2025-01-28|6071.17|6047.5745999999945|True
2025-01-29|6040.53|6031.986600000002|False
2025-01-30|5994.57|6053.675760000004|True
2025-01-31|6037.88|6022.274960000004|True
2025-02-03|6061.48|5986.178039999997|False
2025-02-04|6083.57|6048.161359999996|False
2025-02-05|6025.99|6004.996199999998|False
2025-02-06|6066.44|5996.1177999999945|False
2025-02-07|6068.5|6010.246719999993|False
2025-02-10|6051.97|6019.752959999995|False
2025-02-11|6115.07|5986.701199999987|False
2025-02-12|6114.63|6020.501839999997|False
2025-02-13|6129.58|5994.277679999994|False
2025-02-14|6144.15|6054.181599999993|False
2025-02-18|6117.52|6047.465799999991|False
2025-02-19|6013.13|6084.175040000004|False
2025-02-20|5983.25|6070.299239999993|True
2025-02-21|5955.25|6009.173319999992|True
2025-02-24|5956.06|5962.737440000001|True
2025-02-25|5861.57|5955.771840000009|False
2025-02-26|5954.5|5926.184920000006|True
2025-02-27|5849.72|5893.926440000007|False
2025-02-28|5778.15|5936.0306|True
2025-03-03|5842.63|5885.290079999991|True
2025-03-04|5738.52|5853.5043999999825|True
2025-03-05|5770.2|5860.09048|True
2025-03-06|5614.56|5775.171399999994|True
2025-03-07|5572.07|5712.327120000002|True
2025-03-10|5599.3|5624.447000000005|True
2025-03-11|5521.52|5576.52784000001|False
2025-03-12|5638.94|5571.647720000014|True
2025-03-13|5675.12|5448.477800000003|False
2025-03-14|5614.66|5610.63516|False
2025-03-17|5675.29|5624.6553200000035|True
2025-03-18|5662.89|5628.527880000002|False
2025-03-19|5667.56|5648.672760000005|False
2025-03-20|5767.57|5644.388480000012|False
2025-03-21|5776.65|5659.5286400000105|False
2025-03-24|5712.2|5747.396239999999|False
2025-03-25|5693.31|5756.518479999994|True
2025-03-26|5580.94|5709.723080000002|True
2025-03-27|5611.85|5676.393359999996|True
2025-03-28|5633.07|5621.5473600000005|True
2025-03-31|5670.97|5577.037959999996|False
2025-04-01|5396.52|5632.871319999994|False
2025-04-02|5074.08|5600.893240000004|True
2025-04-03|5062.25|5344.693760000006|True
2025-04-04|4982.77|5109.166720000003|True
2025-04-07|5456.9|5029.715600000006|True
2025-04-08|5268.05|5207.705480000005|False
2025-04-09|5363.36|5323.339280000006|True
2025-04-10|5405.97|5230.104400000007|False
2025-04-11|5396.63|5360.685359999999|False
2025-04-14|5275.7|5390.320639999996|False
2025-04-15|5282.7|5337.897239999989|True
2025-04-16|5158.2|5338.829759999991|True
2025-04-17|5287.76|5267.895359999987|True
2025-04-21|5375.86|5199.321159999999|False
2025-04-22|5484.77|5296.538399999996|False
2025-04-23|5525.21|5344.60592|False
2025-04-24|5528.75|5436.466159999994|False
2025-04-25|5560.83|5497.436680000004|False
2025-04-28|5569.06|5535.1518000000015|False
2025-04-29|5604.14|5562.537880000011|False
2025-04-30|5686.67|5564.519480000006|False
2025-05-01|5650.38|5603.890719999994|False
2025-05-02|5606.91|5647.578199999999|False
2025-05-05|5631.28|5630.37772|True
2025-05-06|5663.94|5613.364840000001|False
2025-05-07|5659.91|5619.783199999997|False
2025-05-08|5844.19|5639.980599999996|False
2025-05-09|5886.55|5673.2827999999945|False
2025-05-12|5892.58|5840.732239999996|False
2025-05-13|5916.93|5895.402920000002|True
2025-05-14|5958.38|5897.415960000001|False
2025-05-15|5963.6|5931.207999999993|False
2025-05-16|5940.46|5946.1153600000025|False
2025-05-19|5844.61|5959.564439999997|True
2025-05-20|5842.01|5913.246120000004|True
2025-05-21|5802.82|5846.476759999996|True
2025-05-22|5921.54|5827.389119999997|True
2025-05-23|5888.55|5826.356440000005|False
2025-05-27|5912.17|5900.529920000003|True
2025-05-28|5911.69|5876.323120000007|False
2025-05-29|5935.94|5908.599839999993|False
2025-05-30|5970.37|5910.843599999988|False
2025-06-02|5970.81|5929.15772|False
2025-06-03|5939.3|5952.329599999999|False
2025-06-04|6000.36|5930.890120000004|False
2025-06-05|6005.88|5927.523480000007|False
2025-06-06|6038.81|6030.835080000002|True
2025-06-09|6022.24|6041.0302|True
2025-06-10|6045.26|6041.837680000005|True
2025-06-11|5976.97|6050.218560000005|True
2025-06-12|6033.11|6018.859759999996|True
2025-06-13|5982.72|5960.12252|False
2025-06-16|5980.87|6027.924799999997|True
2025-06-17|5967.84|5965.999479999991|False
2025-06-18|6025.17|5973.57340000001|True
2025-06-20|6092.18|5985.441520000002|False
2025-06-23|6092.16|6010.5774000000065|False
2025-06-24|6141.02|6063.200679999999|False
2025-06-25|6173.07|6053.845519999996|False
2025-06-26|6204.95|6115.1167200000045|False
2025-06-27|6198.01|6144.206159999987|False
2025-06-30|6227.42|6139.412679999993|False
2025-07-01|6279.35|6181.839439999988|False
2025-07-02|6229.98|6215.223160000001|False
2025-07-03|6225.52|6218.612479999994|False
2025-07-07|6263.26|6199.426079999999|False
2025-07-08|6280.46|6236.955880000003|False
2025-07-09|6259.75|6246.31948|False
2025-07-10|6268.56|6251.480759999999|False
2025-07-11|6243.76|6211.349080000004|False
2025-07-14|6263.7|6169.176360000003|False
2025-07-15|6297.36|6213.1773199999925|False
2025-07-16|6296.79|6254.161680000006|False
2025-07-17|6305.6|6251.3695600000065|False
2025-07-18|6309.62|6276.413280000014|False
2025-07-21|6358.91|6286.039760000018|False
2025-07-22|6363.35|6319.7208|False
2025-07-23|6388.64|6329.851520000003|False
2025-07-24|6389.77|6358.2753199999925|False
2025-07-25|6370.86|6358.484320000001|False
2025-07-28|6362.9|6366.769360000013|False
2025-07-29|6339.39|6365.36516|True
2025-07-30|6238.01|6352.922079999987|True
2025-07-31|6329.94|6313.291480000001|True
2025-08-01|6299.19|6302.686199999995|False
2025-08-04|6345.06|6315.957399999993|True
2025-08-05|6340.0|6320.972440000005|False
2025-08-06|6389.45|6338.7506|False
2025-08-07|6373.45|6353.006239999997|False
2025-08-08|6445.76|6368.650439999987|False
2025-08-11|6466.58|6371.739439999994|False
2025-08-12|6468.54|6432.075120000007|False
2025-08-13|6449.8|6445.587320000012|False
2025-08-14|6449.15|6449.670760000021|False
2025-08-15|6411.37|6451.951160000006|True
2025-08-18|6395.78|6432.687640000011|True
2025-08-19|6370.17|6405.063480000012|True
2025-08-20|6466.91|6401.4490000000005|True
2025-08-21|6439.32|6440.040520000003|False
2025-08-22|6465.94|6453.188640000014|True
2025-08-25|6481.4|6451.462240000003|False
2025-08-26|6501.86|6459.565959999994|False
2025-08-27|6460.26|6452.870720000001|False
2025-08-28|6415.54|6465.002760000005|True
2025-08-29|6448.26|6442.763480000005|True
2025-09-02|6502.08|6432.259960000002|False
2025-09-03|6481.5|6463.632440000009|False
2025-09-04|6495.15|6457.28488000001|False
2025-09-05|6512.61|6479.958599999995|False
2025-09-08|6532.04|6483.424120000009|False
2025-09-09|6587.47|6497.515840000015|False
2025-09-10|6584.29|6539.984559999998|False
2025-09-11|6615.28|6524.1622400000115|False
2025-09-12|6606.76|6558.884640000016|False
2025-09-15|6600.35|6576.591720000013|False
2025-09-16|6631.96|6589.028040000016|False
2025-09-17|6664.36|6608.41852|False
2025-09-18|6693.75|6613.317400000015|False
