date|score
1990-01-01|-0.03361930984717149
1990-01-07|0.0
1990-01-08|0.0
1990-01-10|0.0
1990-01-11|0.0
1990-01-22|0.0
1990-01-31|0.0
1990-02-08|0.0
1990-02-15|0.0
1990-02-16|0.0
1990-03-15|0.0
1990-04-04|0.0
1990-04-11|0.0
1990-04-12|0.0
1990-04-27|0.0
1990-05-03|0.0
1990-05-10|0.0
1990-05-20|0.0
1990-05-21|0.0
1990-05-30|0.0
1990-06-08|0.0
1990-07-03|0.0
1990-07-10|0.0
1990-07-12|0.0
1990-08-02|0.0
1990-08-09|0.0
1990-08-15|-0.9970671534538269
1990-08-27|0.0
1990-09-06|0.0
1990-09-19|0.0
1990-09-24|0.0
1990-09-26|0.0
1990-10-10|0.0
1990-10-11|0.0
1990-10-17|0.0
1990-10-31|0.0
1990-11-08|0.0
1990-11-09|0.0
1990-11-21|0.0
1990-12-13|0.0
1990-12-17|0.0
1990-12-21|0.0
1991-01-01|0.00014858410276215653
1991-01-06|0.0
1991-01-11|0.0
1991-01-16|0.0
1991-01-17|0.0
1991-01-22|0.0
1991-02-04|0.0
1991-02-06|0.0
1991-02-12|0.0
1991-02-14|0.0
1991-02-22|0.0
1991-03-04|0.0
1991-03-14|0.0
1991-03-15|0.0
1991-04-09|0.0
1991-04-11|0.0
1991-04-23|0.0
1991-04-24|0.0
1991-04-30|0.0
1991-05-01|0.0
1991-05-02|0.0
1991-05-03|-0.4999164342880249
1991-05-05|0.0
1991-05-07|0.0
1991-05-09|0.0
1991-05-19|0.0
1991-05-28|0.0
1991-06-04|0.0
1991-06-06|0.0
1991-06-21|0.0
1991-07-05|0.0
1991-07-11|0.0
1991-07-25|0.0
1991-07-29|0.0
1991-08-02|0.0
1991-08-06|0.0
1991-08-08|0.0
1991-08-22|0.0
1991-08-29|0.0
1991-09-01|0.0
1991-09-12|0.0
1991-09-25|0.0
1991-09-26|0.0
1991-10-01|0.0
1991-10-08|0.0
1991-10-10|0.0
1991-10-17|0.0
1991-10-18|0.0
1991-10-22|0.0
1991-10-27|0.0
1991-11-07|0.0
1991-11-22|0.0
1991-11-27|0.0
1991-12-06|0.0
1991-12-12|0.0
1991-12-16|0.0
1991-12-24|0.0
1992-01-01|0.02216941879150715
1992-01-10|-0.9996875524520874
1992-01-13|0.0
1992-01-16|0.0
1992-01-20|0.0
1992-01-23|0.0
1992-02-02|0.0
1992-02-04|0.0
1992-02-13|0.0
1992-02-17|0.0
1992-02-27|0.0
1992-03-01|0.0
1992-03-12|0.0
1992-03-30|0.0
1992-04-01|0.0
1992-04-03|0.0
1992-04-09|0.0
1992-04-29|0.0
1992-04-30|0.0
1992-05-03|0.0
1992-05-07|0.0
1992-05-13|0.0
1992-05-27|0.0
1992-06-11|0.0
1992-06-29|0.0
1992-06-30|0.0
1992-07-01|0.0
1992-07-09|0.0
1992-07-14|0.0
1992-07-20|0.0
1992-07-21|0.0
1992-07-31|0.0
1992-08-06|0.0
1992-08-13|0.0
1992-08-16|0.0
1992-08-21|0.0
1992-08-24|0.0
1992-09-10|0.0
1992-09-15|0.0
1992-09-17|0.0
1992-09-29|0.0
1992-09-30|0.0
1992-10-01|0.0
1992-10-08|0.0
1992-10-11|0.0
1992-10-12|0.0
1992-10-15|0.0
1992-10-23|0.0
1992-10-27|0.0
1992-10-30|0.0
1992-11-04|0.0
1992-11-12|0.0
1992-11-19|0.0
1992-11-27|0.0
1992-12-01|0.0
1992-12-08|0.0
1992-12-10|0.0
1992-12-17|0.0
1992-12-21|-0.9999068975448608
1992-12-24|0.0
1993-01-01|0.019522545238335926
1993-01-14|0.0
1993-01-21|0.0
1993-01-26|0.0
1993-02-01|0.0
1993-02-04|0.0
1993-02-11|0.0
1993-02-18|0.0
1993-02-22|0.0
1993-02-26|0.0
1993-03-01|0.0
1993-03-11|0.0
1993-03-18|0.0
1993-03-25|0.0
1993-03-31|0.0
1993-04-01|0.0
1993-04-05|0.0
1993-04-08|0.0
1993-04-15|0.0
1993-04-21|0.0
1993-04-22|0.0
1993-04-23|0.0
1993-04-29|0.0
1993-05-06|0.0
1993-05-13|0.0
1993-05-20|0.0
1993-05-28|0.0
1993-06-10|0.0
1993-06-17|0.0
1993-06-25|0.0
1993-07-01|0.0
1993-07-02|0.0
1993-07-08|0.0
1993-07-20|0.0
1993-07-27|0.0
1993-08-12|0.0
1993-08-19|0.0
1993-08-23|0.0
1993-08-24|0.0
1993-08-29|0.0
1993-08-30|0.0
1993-09-09|0.0
1993-09-24|0.0
1993-09-30|0.0
1993-10-01|0.0
1993-10-07|0.0
1993-10-10|0.0
1993-10-14|0.0
1993-10-15|0.0
1993-10-17|0.0
1993-10-18|0.0
1993-10-28|0.0
1993-11-04|0.0
1993-11-11|0.0
1993-11-18|0.0
1993-11-22|0.0
1993-11-26|0.0
1993-11-29|0.0
1993-12-01|0.0
1993-12-09|0.0
1993-12-16|0.0
1993-12-17|0.0
1993-12-23|0.0
1994-01-01|-0.048073997698634505
1994-01-13|0.0
1994-01-14|0.0
1994-01-20|0.0
1994-01-25|0.0
1994-01-27|0.0
1994-01-31|0.0
1994-02-10|0.0
1994-02-17|0.0
1994-02-21|0.0
1994-02-24|0.0
1994-02-28|0.0
1994-03-01|0.0
1994-03-03|0.0
1994-03-10|0.0
1994-03-17|0.0
1994-03-30|0.0
1994-04-03|0.0
1994-04-07|0.0
1994-04-14|0.0
1994-04-17|0.0
1994-04-18|0.0
1994-04-26|0.0
1994-04-27|0.0
1994-04-29|0.0
1994-05-05|0.0
1994-05-09|0.0
1994-05-12|0.0
1994-05-19|0.0
1994-05-31|0.0
1994-06-09|0.0
1994-06-14|0.0
1994-06-16|0.0
1994-06-21|0.0
1994-06-27|0.0
1994-07-07|0.0
1994-07-08|0.0
1994-07-14|0.0
1994-07-27|0.0
1994-07-28|0.0
1994-08-01|0.0
1994-08-11|0.0
1994-08-16|0.0
1994-08-18|0.0
1994-08-24|0.0
1994-08-30|0.0
1994-09-01|0.0
1994-09-08|0.0
1994-09-15|0.0
1994-09-29|0.0
1994-09-30|0.0
1994-10-02|0.0
1994-10-13|0.0
1994-10-20|0.0
1994-10-31|0.0
1994-11-01|0.0
1994-11-04|0.0
1994-11-09|0.0
1994-11-10|0.0
1994-11-13|0.0
1994-11-17|0.0
1994-11-18|0.0
1994-11-27|0.0
1994-12-01|0.0
1994-12-02|0.0
1994-12-08|0.0
1994-12-15|0.0
1994-12-16|0.0
1994-12-21|-0.9998689889907837
1995-01-01|-0.006425595736201805
1995-01-12|0.0
1995-01-17|0.0
1995-02-03|0.0
1995-02-09|0.0
1995-02-13|0.0
1995-02-16|0.0
1995-02-23|0.0
1995-02-27|0.0
1995-03-08|0.0
1995-03-09|0.0
1995-03-12|0.0
1995-03-16|0.0
1995-03-30|0.0
1995-04-01|0.0
1995-04-06|0.0
1995-04-09|0.0
1995-04-10|0.0
1995-04-11|0.0
1995-04-13|0.0
1995-04-16|0.0
1995-05-01|0.0
1995-05-02|0.0
1995-05-11|0.0
1995-05-15|0.0
1995-05-18|0.0
1995-06-01|0.0
1995-06-02|0.0
1995-06-05|0.0
1995-06-08|0.0
1995-06-15|0.0
1995-06-29|0.0
1995-07-12|0.0
1995-07-13|0.0
1995-07-14|0.0
1995-07-20|0.0
1995-07-21|0.0
1995-08-01|0.0
1995-08-04|0.0
1995-08-10|0.0
1995-08-17|0.0
1995-09-01|0.0
1995-09-07|0.0
1995-09-14|0.0
1995-10-03|0.0
1995-10-12|0.0
1995-10-13|0.0
1995-10-19|0.0
1995-10-20|0.0
1995-10-23|0.0
1995-11-06|0.0
1995-11-09|0.0
1995-11-13|0.0
1995-11-16|0.0
1995-11-24|0.0
1995-12-01|0.0
1995-12-07|0.0
1995-12-14|0.0
1995-12-20|0.0
1996-01-01|0.12197481526268852
1996-01-11|0.0
1996-01-14|0.0
1996-01-18|0.0
1996-01-21|0.0
1996-01-30|0.0
1996-01-31|0.0
1996-02-01|0.0
1996-02-08|0.0
1996-02-15|0.0
1996-02-18|0.0
1996-02-21|0.0
1996-02-26|0.0
1996-02-29|0.0
1996-03-08|0.0
1996-03-14|0.0
1996-03-21|0.0
1996-04-01|0.0
1996-04-02|0.0
1996-04-11|0.0
1996-04-18|0.0
1996-05-07|0.0
1996-05-09|0.0
1996-05-10|0.0
1996-05-13|0.0
1996-05-16|0.0
1996-05-26|0.0
1996-05-31|0.0
1996-06-01|0.0
1996-06-05|0.0
1996-06-06|0.0
1996-06-13|0.0
1996-07-01|0.0
1996-07-07|0.0
1996-07-09|0.0
1996-07-11|0.0
1996-07-18|0.0
1996-07-19|0.0
1996-07-28|0.0
1996-07-31|0.0
1996-08-08|0.0
1996-08-15|0.0
1996-08-26|0.0
1996-08-30|0.0
1996-09-08|0.0
1996-09-09|0.0
1996-09-12|0.0
1996-09-19|0.0
1996-09-30|0.0
1996-10-09|0.0
1996-10-10|0.0
1996-10-17|0.0
1996-10-20|0.0
1996-10-31|0.0
1996-11-07|0.0
1996-11-11|0.0
1996-11-13|0.0
1996-11-14|0.0
1996-11-29|0.0
1996-12-03|0.0
1996-12-08|0.0
1996-12-12|0.0
1996-12-17|0.0
1996-12-19|0.0
1996-12-23|-0.9997994303703308
1996-12-24|0.0
1997-01-01|0.03225767804730323
1997-01-05|0.0
1997-01-10|0.0
1997-01-12|0.0
1997-01-16|0.0
1997-01-23|0.0
1997-01-29|0.0
1997-01-31|0.0
1997-02-06|0.0
1997-02-10|0.0
1997-02-13|0.0
1997-02-18|0.0
1997-02-20|0.0
1997-02-28|0.0
1997-03-06|0.0
1997-03-13|0.0
1997-03-20|0.0
1997-03-27|0.0
1997-04-06|0.0
1997-04-10|0.0
1997-04-11|0.0
1997-04-15|0.0
1997-04-17|0.0
1997-04-29|0.0
1997-04-30|0.0
1997-05-01|0.0
1997-05-08|0.0
1997-05-12|0.0
1997-05-15|0.0
1997-05-28|0.0
1997-05-30|0.0
1997-06-11|0.0
1997-06-12|0.0
1997-06-19|0.0
1997-06-30|0.0
1997-07-10|0.0
1997-07-13|0.0
1997-07-15|0.0
1997-07-17|0.0
1997-07-20|0.0
1997-07-24|0.0
1997-07-27|0.0
1997-07-29|0.0
1997-07-31|0.0
1997-08-01|0.0
1997-08-07|0.0
1997-08-10|0.0
1997-08-14|0.0
1997-08-29|0.0
1997-09-01|0.0
1997-09-11|0.0
1997-09-18|0.0
1997-09-30|0.0
1997-10-09|0.0
1997-10-15|0.0
1997-10-16|0.0
1997-10-23|0.0
1997-10-26|0.0
1997-10-28|0.0
1997-10-31|0.0
1997-11-02|0.0
1997-11-06|0.0
1997-11-13|0.0
1997-11-28|0.0
1997-12-11|0.0
1997-12-12|0.0
1997-12-15|0.0
1997-12-18|0.0
1997-12-23|0.0
1997-12-24|0.0
1998-01-01|-0.06541832826905332
1998-01-15|0.0
1998-01-16|0.0
1998-01-22|0.0
1998-01-30|0.0
1998-02-06|0.0
1998-02-08|0.0
1998-02-12|0.0
1998-02-17|0.0
1998-02-19|0.0
1998-02-27|0.0
1998-02-28|0.0
1998-03-01|0.0
1998-03-05|0.0
1998-03-09|0.0
1998-03-12|0.0
1998-03-15|0.0
1998-03-19|0.0
1998-03-31|0.0
1998-04-09|0.0
1998-04-15|0.0
1998-04-16|0.0
1998-04-20|0.0
1998-04-30|0.0
1998-05-01|0.0
1998-05-07|0.0
1998-05-14|0.0
1998-05-29|0.0
1998-06-01|0.0
1998-06-11|0.0
1998-06-18|0.0
1998-06-28|0.0
1998-06-30|0.0
1998-07-09|0.0
1998-07-15|0.0
1998-07-16|0.0
1998-07-31|0.0
1998-08-06|0.0
1998-08-13|0.0
1998-08-30|0.0
1998-08-31|0.0
1998-09-06|0.0
1998-09-10|0.0
1998-09-17|0.0
1998-10-01|0.0
1998-10-06|0.0
1998-10-08|0.0
1998-10-15|0.0
1998-10-16|0.0
1998-10-19|0.0
1998-10-21|0.0
1998-10-23|0.0
1998-10-30|0.0
1998-11-01|0.0
1998-11-10|0.06248021870851517
1998-11-12|0.0
1998-11-19|0.0
1998-11-27|0.0
1998-12-01|0.0
1998-12-05|0.0
1998-12-06|0.0
1998-12-10|0.0
1998-12-17|0.0
1998-12-18|-0.4987429976463318
1998-12-24|0.0
1999-01-01|-0.052913007037392976
1999-01-04|0.0
1999-01-14|0.0
1999-01-18|0.0
1999-01-29|0.0
1999-02-04|0.0
1999-02-08|0.0
1999-02-09|-0.4998898208141327
1999-02-11|0.0
1999-02-18|0.0
1999-02-19|0.0
1999-02-24|0.0
1999-02-26|0.0
1999-03-02|0.0
1999-03-04|0.0
1999-03-08|0.0
1999-03-11|0.0
1999-03-26|0.0
1999-04-07|0.0
1999-04-08|0.0
1999-04-15|0.0
1999-04-19|0.0
1999-04-30|0.0
1999-05-13|0.0
1999-05-20|0.0
1999-05-28|0.0
1999-06-10|0.0
1999-06-17|0.0
1999-06-25|0.0
1999-07-07|0.0
1999-07-08|0.0
1999-07-09|-0.9999579191207886
1999-07-15|0.0
1999-07-19|0.0
1999-07-30|0.0
1999-08-12|0.0
1999-08-19|0.0
1999-08-27|0.0
1999-09-09|0.0
1999-09-15|0.0
1999-09-16|0.0
1999-09-24|0.0
1999-10-07|0.0
1999-10-11|0.0
1999-10-13|0.0
1999-10-14|0.0
1999-10-15|0.0
1999-10-29|0.0
1999-11-11|0.0
1999-11-12|0.0
1999-11-18|0.0
1999-11-26|0.0
1999-12-09|0.0
1999-12-16|0.0
1999-12-22|0.0
1999-12-24|0.0
2000-01-01|-0.09922214025674864
2000-01-13|0.0
2000-01-18|0.0
2000-01-19|0.0
2000-01-20|0.0
2000-01-28|0.0
2000-02-04|0.0
2000-02-08|0.0
2000-02-10|0.0
2000-02-17|0.0
2000-02-24|0.0
2000-02-25|0.0
2000-03-01|1.0
2000-03-02|0.0
2000-03-03|0.0
2000-03-09|0.0
2000-03-16|0.0
2000-03-17|0.0
2000-03-28|0.0
2000-03-31|0.0
2000-04-05|0.0
2000-04-06|0.0
2000-04-12|0.0
2000-04-13|0.0
2000-04-17|0.0
2000-04-28|0.0
2000-05-11|0.0
2000-05-18|0.0
2000-05-26|0.0
2000-06-08|0.0
2000-06-14|0.0
2000-06-15|0.0
2000-06-28|0.0
2000-06-30|0.0
2000-07-01|0.0
2000-07-05|0.0
2000-07-13|0.0
2000-07-17|0.0
2000-07-20|0.0
2000-07-28|0.0
2000-08-10|0.0
2000-08-11|0.0
2000-08-17|0.0
2000-08-25|0.0
2000-09-07|0.0
2000-09-08|0.0
2000-09-14|0.0
2000-09-29|0.0
2000-10-04|0.0
2000-10-06|0.0
2000-10-12|0.0
2000-10-18|0.0
2000-10-19|0.0
2000-10-23|0.0
2000-10-27|0.0
2000-11-01|0.0
2000-11-08|0.0
2000-11-09|0.0
2000-11-16|0.0
2000-11-21|0.0
2000-11-24|0.0
2000-12-07|0.0
2000-12-08|0.0
2000-12-13|0.0
2000-12-14|0.0
2000-12-20|0.0
2000-12-22|0.0
2001-01-01|0.09320206481676835
2001-01-07|0.0
2001-01-08|0.0
2001-01-11|0.0
2001-01-18|0.0
2001-01-25|0.0
2001-01-29|0.0
2001-02-08|0.0
2001-02-15|0.0
2001-02-20|0.0
2001-02-22|0.0
2001-02-23|0.0
2001-03-01|0.0
2001-03-07|0.0
2001-03-08|0.0
2001-03-15|0.0
2001-03-16|0.0
2001-03-22|0.0
2001-03-25|0.0
2001-03-28|0.0
2001-03-30|0.0
2001-04-01|0.0
2001-04-11|0.0
2001-04-12|0.0
2001-04-13|0.0
2001-04-18|0.0
2001-04-19|0.0
2001-04-27|0.0
2001-05-02|0.0
2001-05-06|0.0
2001-05-10|0.0
2001-05-17|0.0
2001-05-18|0.0
2001-05-25|0.0
2001-05-30|0.0
2001-05-31|0.0
2001-06-01|0.9999998807907104
2001-06-06|3.141164779663086e-05
2001-06-07|0.0
2001-06-14|0.0
2001-06-24|0.0
2001-06-29|0.0
2001-07-11|0.0
2001-07-12|0.0
2001-07-13|0.0
2001-07-19|0.0
2001-07-27|0.0
2001-08-06|0.0
2001-08-09|0.0
2001-08-14|0.0
2001-08-16|0.0
2001-08-20|0.0
2001-08-31|0.0
2001-09-02|0.0
2001-09-09|0.0
2001-09-11|0.24996215105056763
2001-09-13|0.0
2001-09-14|0.0
2001-09-16|0.0
2001-09-18|0.0
2001-09-20|0.0
2001-09-26|0.0
2001-09-28|0.0
2001-09-30|0.0
2001-10-07|0.0
2001-10-10|0.0
2001-10-11|0.0
2001-10-16|0.0
2001-10-18|0.0
2001-10-25|0.0
2001-10-26|0.0
2001-10-29|0.0
2001-11-02|0.0
2001-11-08|0.0
2001-11-11|0.0
2001-11-14|0.0
2001-11-15|0.0
2001-11-23|0.0
2001-11-28|0.0
2001-11-30|0.0
2001-12-02|0.0
2001-12-13|0.0
2001-12-17|0.0
2001-12-20|0.0
2001-12-23|0.0
2002-01-01|0.07961551206452507
2002-01-04|0.0
2002-01-13|0.0
2002-01-16|0.0
2002-01-17|0.0
2002-01-22|0.0
2002-01-24|0.0
2002-01-27|0.0
2002-01-30|0.0
2002-02-01|0.0
2002-02-14|0.0
2002-02-17|0.0
2002-02-18|0.0
2002-02-21|0.0
2002-03-01|0.0
2002-03-03|0.0
2002-03-04|0.0
2002-03-07|0.0
2002-03-14|0.0
2002-03-17|0.0
2002-03-20|0.0
2002-03-21|0.0
2002-03-27|0.0
2002-04-01|0.0
2002-04-02|0.0
2002-04-07|0.0
2002-04-08|0.0
2002-04-11|0.0
2002-04-16|0.0
2002-04-18|0.0
2002-04-24|0.0
2002-04-26|0.0
2002-04-28|0.0
2002-05-09|0.0
2002-05-14|0.0
2002-05-16|0.0
2002-05-17|0.0
2002-05-30|0.0
2002-05-31|0.0
2002-06-02|0.0
2002-06-03|0.0
2002-06-06|0.0
2002-06-13|0.0
2002-06-23|0.0
2002-06-28|0.0
2002-06-30|0.0
2002-07-01|0.0
2002-07-11|0.0
2002-07-14|0.0
2002-07-16|0.0
2002-07-18|0.0
2002-07-26|0.0
2002-08-04|0.0
2002-08-08|0.0
2002-08-13|0.0
2002-08-15|0.0
2002-08-30|0.0
2002-09-08|0.0
2002-09-12|0.0
2002-09-18|0.0
2002-09-19|0.0
2002-09-27|0.0
2002-09-29|0.0
2002-10-10|0.0
2002-10-16|0.0
2002-10-17|0.0
2002-10-21|0.0
2002-10-25|0.0
2002-11-07|0.0
2002-11-12|0.0
2002-11-14|0.0
2002-11-17|0.0
2002-11-24|0.0
2002-11-29|0.0
2002-12-04|0.0
2002-12-08|0.0
2002-12-12|0.0
2002-12-15|0.0
2002-12-16|0.0
2002-12-19|0.0
2002-12-24|0.0
2003-01-01|-0.051401899141423846
2003-01-12|0.0
2003-01-16|0.0
2003-01-21|0.0
2003-01-23|0.0
2003-01-24|0.0
2003-01-31|0.0
2003-02-13|0.0
2003-02-18|0.0
2003-02-19|0.0
2003-02-20|0.0
2003-02-23|0.0
2003-02-28|0.0
2003-03-02|0.0
2003-03-06|0.0
2003-03-13|0.0
2003-03-19|0.0
2003-03-20|0.0
2003-03-21|0.0
2003-03-23|0.0
2003-03-28|0.0
2003-04-01|0.0
2003-04-07|0.0
2003-04-10|0.0
2003-04-15|0.0
2003-04-29|0.0
2003-05-04|0.0
2003-05-08|0.0
2003-05-14|0.0
2003-05-27|0.0
2003-06-12|0.0
2003-06-16|0.0
2003-06-19|0.0
2003-06-29|0.0
2003-07-01|0.0
2003-07-04|0.0
2003-07-10|0.0
2003-07-11|-0.9997568726539612
2003-07-12|0.0
2003-07-13|0.0
2003-07-20|0.0
2003-07-27|0.0
2003-08-03|0.0
2003-08-07|0.0
2003-08-12|0.0
2003-08-17|0.0
2003-08-19|0.0
2003-09-04|0.0
2003-09-09|0.0
2003-09-11|0.0
2003-09-21|0.0
2003-10-03|0.0
2003-10-08|0.0
2003-10-09|0.0
2003-10-12|0.0
2003-10-13|0.0
2003-10-21|0.0
2003-10-25|0.0
2003-10-26|0.0
2003-11-05|0.0
2003-11-06|0.0
2003-11-09|0.0
2003-11-11|0.0
2003-11-13|0.0
2003-11-26|0.0
2003-11-30|0.0
2003-12-01|0.0
2003-12-11|0.0
2003-12-14|0.0
2003-12-18|0.0
2004-01-01|0.04239427903667092
2004-01-03|0.0
2004-01-09|0.0
2004-01-11|0.0
2004-01-15|0.0
2004-01-17|0.0
2004-01-20|-0.49992847442626953
2004-01-28|0.0
2004-01-31|0.0
2004-02-01|0.0
2004-02-03|0.0
2004-02-05|0.0
2004-02-08|-0.9993963241577148
2004-02-10|0.0
2004-02-12|0.0
2004-02-13|0.0
2004-02-17|0.0
2004-02-19|0.0
2004-03-01|0.0
2004-03-03|0.0
2004-03-07|0.0
2004-03-09|0.0
2004-03-11|0.0
2004-03-17|0.0
2004-03-18|0.0
2004-03-19|0.0
2004-04-01|0.0
2004-04-02|0.0
2004-04-06|0.0
2004-04-08|0.0
2004-04-13|0.0
2004-04-15|0.0
2004-04-29|0.0
2004-05-01|0.0
2004-05-03|0.0
2004-05-06|0.0
2004-05-12|0.0
2004-05-13|0.0
2004-05-18|0.0
2004-05-20|0.0
2004-06-01|0.0
2004-06-10|0.0
2004-06-11|0.0
2004-06-15|0.0
2004-06-16|0.0
2004-06-17|0.0
2004-06-22|0.0
2004-06-23|0.0
2004-07-01|0.0
2004-07-02|0.0
2004-07-08|0.0
2004-07-26|0.0
2004-07-27|0.0
2004-07-30|0.0
2004-08-01|0.0
2004-08-12|0.0
2004-08-15|0.0
2004-08-19|0.0
2004-09-09|0.0
2004-09-16|0.0
2004-09-21|0.0
2004-10-01|-0.3332578142484029
2004-10-07|0.0
2004-10-09|0.0
2004-10-14|0.0
2004-10-19|0.0
2004-10-20|0.0
2004-10-30|0.0
2004-11-01|0.0
2004-11-02|0.0
2004-11-11|0.0
2004-11-18|0.0
2004-11-28|0.0
2004-11-30|0.0
2004-12-09|0.0
2004-12-16|0.0
2004-12-31|-0.4998205304145813
2005-01-01|-0.023850027104498635
2005-01-04|0.0
2005-01-07|0.0
2005-01-13|0.0
2005-01-20|0.0
2005-01-21|0.0
2005-02-01|0.0
2005-02-10|0.0
2005-02-17|0.0
2005-03-06|-0.9999985694885254
2005-03-10|0.0
2005-03-11|0.0
2005-03-17|0.0
2005-03-21|0.0
2005-03-31|0.0
2005-04-01|0.0
2005-04-05|0.0
2005-04-07|0.0
2005-04-14|0.0
2005-05-02|0.0
2005-05-06|0.0
2005-05-12|0.0
2005-05-19|0.0
2005-06-09|0.0
2005-06-16|0.0
2005-06-17|0.0
2005-06-25|-0.9999932050704956
2005-06-27|0.0
2005-07-01|0.0
2005-07-07|0.0
2005-07-14|0.0
2005-07-21|0.0
2005-07-28|0.0
2005-08-11|0.0
2005-08-18|0.0
2005-08-20|0.0
2005-09-08|0.0
2005-09-15|0.0
2005-10-06|0.0
2005-10-07|0.0
2005-10-13|0.0
2005-10-17|0.0
2005-10-20|0.0
2005-11-07|-0.9896396398544312
2005-11-10|0.0
2005-11-17|0.0
2005-12-08|0.0
2005-12-15|0.0
2005-12-16|0.0
2005-12-19|-0.9999973773956299
2005-12-31|0.0
2006-01-01|-0.10919709389026348
2006-01-06|0.0
2006-01-12|0.0
2006-01-19|0.0
2006-01-25|0.0
2006-01-26|0.0
2006-02-01|-0.9999896287918091
2006-02-06|-0.4488202631473541
2006-02-09|0.0
2006-02-16|0.0
2006-03-09|0.0
2006-03-14|0.0
2006-03-16|0.0
2006-03-17|0.0
2006-03-30|0.0
2006-04-03|0.0
2006-04-06|0.0
2006-04-08|-0.999930739402771
2006-04-13|0.0
2006-04-14|0.0
2006-05-08|0.0
2006-05-11|0.0
2006-05-16|0.0
2006-05-18|0.0
2006-06-08|0.0
2006-06-15|0.0
2006-06-19|0.0
2006-06-30|0.0
2006-07-07|0.0
2006-07-13|0.0
2006-07-20|0.0
2006-07-25|0.0
2006-07-30|0.0
2006-08-10|0.0
2006-08-17|0.0
2006-09-07|0.0
2006-09-14|0.0
2006-09-15|0.0
2006-09-21|0.0
2006-10-06|0.0
2006-10-12|0.0
2006-10-19|0.0
2006-10-22|0.0
2006-10-29|0.0
2006-10-31|0.0
2006-11-01|0.0
2006-11-05|0.0
2006-11-09|0.0
2006-11-12|0.0
2006-11-16|0.0
2006-11-19|0.0
2006-11-20|0.0
2006-11-26|0.0
2006-12-06|0.0
2006-12-07|0.0
2006-12-14|0.0
2006-12-15|0.0
2006-12-31|0.0
2007-01-01|-0.034505071035071985
2007-01-05|0.0
2007-01-10|0.0
2007-01-11|0.0
2007-01-18|0.0
2007-01-24|0.0
2007-01-28|0.0
2007-02-08|0.0
2007-02-15|0.0
2007-02-25|0.0
2007-03-02|0.0
2007-03-15|0.0
2007-03-20|0.0
2007-03-22|0.0
2007-03-27|0.0
2007-03-31|-0.9999983310699463
2007-04-02|0.0
2007-04-05|0.0
2007-04-12|0.0
2007-04-16|0.0
2007-04-19|0.0
2007-05-05|0.0
2007-05-07|0.0
2007-05-08|0.0
2007-05-10|0.0
2007-05-17|0.0
2007-05-20|0.0
2007-05-27|0.0
2007-06-03|0.0
2007-06-07|0.0
2007-06-14|0.0
2007-06-23|0.0
2007-06-28|0.0
2007-06-30|0.0
2007-07-06|0.0
2007-07-12|0.0
2007-07-14|0.0
2007-07-19|0.0
2007-08-09|0.0
2007-08-12|0.0
2007-08-16|0.0
2007-08-17|0.0
2007-08-20|0.0
2007-08-21|0.0
2007-09-02|0.0
2007-09-06|0.0
2007-09-13|0.0
2007-09-24|0.0
2007-09-30|0.0
2007-10-11|0.0
2007-10-16|0.0
2007-10-18|0.0
2007-10-20|-0.9996254444122314
2007-11-05|0.0
2007-11-08|0.0
2007-11-11|0.0
2007-11-15|0.0
2007-12-07|0.0
2007-12-13|0.0
2007-12-19|0.0
2007-12-20|0.0
2007-12-26|0.0
2007-12-31|0.0
2008-01-01|0.019933919530165822
2008-01-11|0.0
2008-01-15|0.0
2008-01-17|0.0
2008-01-24|0.0
2008-01-26|0.0
2008-01-27|0.0
2008-01-31|0.0
2008-02-06|-0.9999853372573853
2008-02-07|0.0
2008-02-14|0.0
2008-02-21|0.0
2008-02-28|0.0
2008-03-06|0.0
2008-03-13|0.0
2008-03-20|0.0
2008-03-25|0.0
2008-03-27|0.0
2008-04-01|0.0
2008-04-04|0.0
2008-04-10|0.0
2008-04-12|-0.4999004304409027
2008-04-14|0.0
2008-04-16|0.0
2008-04-17|0.0
2008-04-25|0.0
2008-04-30|-0.9999988079071045
2008-05-03|0.0
2008-05-07|-0.49999940395355225
2008-05-08|0.0
2008-05-09|0.0
2008-05-15|0.0
2008-05-22|0.0
2008-05-28|0.0
2008-05-30|-0.9919165968894958
2008-06-01|0.0
2008-06-04|0.0
2008-06-08|0.0
2008-06-12|0.0
2008-06-13|0.0
2008-06-19|0.0
2008-06-24|0.0
2008-06-30|0.0
2008-07-03|0.0
2008-07-10|0.0
2008-07-17|0.0
2008-07-28|-0.39370688796043396
2008-08-06|0.0
2008-08-07|0.0
2008-08-13|0.0
2008-08-14|0.0
2008-08-17|0.0
2008-08-29|0.0
2008-09-11|0.0
2008-09-14|0.0
2008-09-17|0.0
2008-09-18|0.0
2008-09-20|0.0
2008-10-01|0.0
2008-10-03|0.0
2008-10-05|0.0
2008-10-09|0.0
2008-10-10|0.0
2008-10-12|0.0
2008-10-14|0.0
2008-10-16|0.0
2008-10-26|0.0
2008-10-31|0.0
2008-11-02|0.0
2008-11-06|0.0
2008-11-11|0.0
2008-11-13|0.0
2008-12-11|0.0
2008-12-12|0.0
2008-12-14|0.0
2008-12-18|0.0
2008-12-19|0.0
2008-12-21|0.0
2008-12-28|0.0
2009-01-01|-0.10321948518100967
2009-01-06|0.0
2009-01-11|0.0
2009-01-12|0.0
2009-01-15|0.0
2009-01-16|0.0
2009-01-21|0.0
2009-01-22|0.0
2009-01-23|0.0
2009-02-08|0.0
2009-02-09|0.0
2009-02-10|0.0
2009-02-12|0.0
2009-02-13|0.0
2009-02-19|0.0
2009-02-22|0.0
2009-03-06|0.0
2009-03-08|0.0
2009-03-12|0.0
2009-03-19|0.0
2009-03-22|0.0
2009-03-24|0.0
2009-03-27|0.0
2009-03-30|0.0
2009-04-01|-0.999816358089447
2009-04-03|0.0
2009-04-07|0.0
2009-04-09|0.0
2009-04-10|0.0
2009-04-16|0.0
2009-04-17|0.0
2009-05-02|0.0
2009-05-03|0.0
2009-05-07|0.0
2009-05-14|0.0
2009-05-15|0.0
2009-05-19|0.0
2009-05-22|0.0
2009-05-23|0.0
2009-06-02|0.0
2009-06-08|0.0
2009-06-11|0.0
2009-06-18|0.0
2009-06-21|0.0
2009-06-30|0.0
2009-07-03|0.0
2009-07-09|0.0
2009-07-13|0.0
2009-07-16|0.0
2009-07-26|0.0
2009-07-30|0.0
2009-07-31|0.0
2009-08-04|0.0
2009-08-06|0.0
2009-08-13|0.0
2009-08-21|0.0
2009-08-25|0.0
2009-09-06|0.0
2009-09-08|0.0
2009-09-10|0.0
2009-09-13|0.0
2009-09-14|0.0
2009-09-17|0.0
2009-09-20|0.0
2009-09-27|0.0
2009-09-30|0.0
2009-10-02|0.0
2009-10-07|0.0
2009-10-08|0.0
2009-10-09|0.0
2009-10-12|0.0
2009-10-15|0.0
2009-10-25|0.0
2009-11-01|0.0
2009-11-12|0.0
2009-11-13|0.0
2009-11-19|0.0
2009-12-04|0.0
2009-12-08|0.0
2009-12-10|-0.19999821186065675
2009-12-17|0.0
2009-12-21|0.0
2009-12-31|0.49995094537734985
2010-01-01|-0.024192006406137497
2010-01-02|0.0
2010-01-08|0.0
2010-01-10|0.0
2010-01-14|0.0
2010-01-21|0.0
2010-02-02|0.0
2010-02-11|0.0
2010-02-18|0.0
2010-03-01|-0.9999603033065796
2010-03-04|0.0
2010-03-08|0.0
2010-03-11|0.0
2010-03-18|0.0
2010-03-24|0.0
2010-04-01|0.0
2010-04-08|0.0
2010-04-09|0.0
2010-04-15|0.0
2010-04-16|0.0
2010-04-18|0.0
2010-04-29|0.0
2010-05-01|0.0
2010-05-07|0.0
2010-05-11|0.0
2010-05-12|0.0
2010-05-13|0.0
2010-05-14|0.0
2010-05-20|0.0
2010-05-30|0.0
2010-06-01|0.0
2010-06-03|0.0
2010-06-04|0.0
2010-06-10|0.0
2010-06-17|0.0
2010-06-21|0.0
2010-06-30|0.0
2010-07-01|0.0
2010-07-08|0.0
2010-07-15|0.0
2010-07-16|0.0
2010-07-24|0.0
2010-08-12|0.0
2010-08-19|0.0
2010-08-20|0.0
2010-09-02|0.0
2010-09-09|-0.1903679221868515
2010-09-16|0.0
2010-10-07|0.0
2010-10-08|0.0
2010-10-11|0.0
2010-10-14|0.0
2010-10-28|0.0
2010-10-30|0.0
2010-11-01|0.0
2010-11-11|0.0
2010-11-16|0.0
2010-11-18|0.0
2010-11-26|0.0
2010-12-08|0.0
2010-12-09|-0.21072014172871908
2010-12-13|0.0
2010-12-15|0.0
2010-12-16|0.0
2010-12-26|0.0
2010-12-31|0.0
2011-01-01|-0.20085212834384464
2011-01-07|0.0
2011-01-11|-0.8278465270996094
2011-01-13|-0.3210453987121582
2011-01-18|0.0
2011-01-20|0.0
2011-02-02|0.0
2011-02-08|0.0
2011-02-10|0.0
2011-02-11|0.0
2011-02-17|0.0
2011-02-21|0.0
2011-02-25|0.0
2011-03-03|0.0
2011-03-10|0.0
2011-03-17|0.0
2011-03-18|0.0
2011-03-22|0.0
2011-03-24|0.0
2011-03-28|0.0
2011-03-31|0.0
2011-04-01|0.0
2011-04-05|0.0
2011-04-07|-0.23348029454549155
2011-04-08|0.0
2011-04-13|0.0
2011-04-14|0.0
2011-04-16|0.0
2011-04-17|0.0
2011-04-18|0.0
2011-04-25|0.0
2011-04-27|0.0
2011-04-28|0.0
2011-04-30|0.0
2011-05-09|0.0
2011-05-12|0.0
2011-05-15|0.0
2011-05-19|0.0
2011-05-24|0.0
2011-05-25|0.04357986648877462
2011-05-26|0.0
2011-05-30|0.0
2011-06-03|0.0
2011-06-05|0.0
2011-06-09|0.0
2011-06-10|0.0
2011-06-13|0.0
2011-06-15|0.0
2011-06-16|0.0
2011-06-29|0.0
2011-06-30|-0.9998453855514526
2011-07-03|0.0
2011-07-05|0.0
2011-07-07|0.0
2011-07-14|0.0
2011-07-19|0.0
2011-08-03|0.0
2011-08-05|0.0
2011-08-09|0.0
2011-08-11|0.0
2011-08-14|0.0
2011-08-15|-0.2734159032503764
2011-08-18|0.0
2011-08-19|0.0
2011-08-21|0.0
2011-08-25|0.0
2011-08-28|0.0
2011-08-30|0.0
2011-08-31|0.0
2011-09-01|0.0
2011-09-04|0.0
2011-09-06|0.0
2011-09-08|0.0
2011-09-10|0.0
2011-09-15|0.0
2011-09-18|0.0
2011-09-20|0.0
2011-09-23|0.0
2011-09-27|0.0
2011-09-28|0.0
2011-10-01|0.0
2011-10-08|0.0
2011-10-09|0.0
2011-10-11|0.0
2011-10-13|0.0
2011-10-20|0.0
2011-10-22|0.0
2011-10-23|-0.13205686807632447
2011-10-26|0.0
2011-10-27|0.0
2011-10-30|0.0
2011-11-01|0.0
2011-11-04|0.0
2011-11-09|0.0
2011-11-10|0.0
2011-11-15|0.0
2011-11-16|0.0
2011-11-17|0.0
2011-11-20|0.0
2011-11-24|0.0
2011-11-27|0.0
2011-11-30|0.0
2011-12-05|0.0
2011-12-06|0.0
2011-12-08|0.0
2011-12-11|0.0
2011-12-15|0.0
2011-12-17|0.0
2011-12-19|0.0
2011-12-31|-0.4449510872364044
2012-01-01|0.023677670594417687
2012-01-02|0.0
2012-01-17|0.0
2012-01-19|0.0
2012-01-23|0.0
2012-01-24|0.0
2012-01-25|0.0
2012-02-02|0.0
2012-02-03|0.0
2012-02-05|0.0
2012-02-13|0.0
2012-02-16|-0.23408869902292886
2012-02-18|0.0
2012-02-23|0.0
2012-03-01|0.9999966621398926
2012-03-04|0.0
2012-03-08|0.0
2012-03-09|0.0
2012-03-15|0.0
2012-03-16|0.0
2012-03-18|0.0
2012-03-22|0.0
2012-04-01|0.0
2012-04-06|0.0
2012-04-08|0.0
2012-04-10|0.0
2012-04-11|0.0
2012-04-12|0.0
2012-04-13|0.0
2012-04-19|0.0
2012-04-20|0.0
2012-04-22|0.0
2012-05-02|0.0
2012-05-06|0.0
2012-05-07|0.0
2012-05-10|-0.1778140366077423
2012-05-17|0.0
2012-05-31|0.0
2012-06-01|0.0
2012-06-03|0.0
2012-06-04|0.0
2012-06-06|0.0
2012-06-07|0.0
2012-06-08|0.0
2012-06-10|0.0
2012-06-14|0.0
2012-06-15|0.0
2012-06-17|0.0
2012-06-30|-0.14211249351501465
2012-07-05|0.0
2012-07-10|0.0
2012-07-12|0.0
2012-07-19|0.0
2012-07-20|0.0
2012-07-26|0.0
2012-08-01|0.0
2012-08-09|0.0
2012-08-12|0.0
2012-08-13|0.0
2012-08-16|0.0
2012-09-01|0.0
2012-09-06|-0.2158740758895874
2012-09-09|0.0
2012-09-10|0.0
2012-09-11|0.0
2012-09-13|0.0
2012-09-22|0.0
2012-09-30|0.0
2012-10-07|0.0
2012-10-11|0.0
2012-10-18|0.0
2012-10-22|0.0
2012-10-26|0.0
2012-10-28|0.0
2012-11-04|0.0
2012-11-05|0.0
2012-11-08|-0.2128695249557495
2012-11-10|0.0
2012-11-15|0.0
2012-11-22|0.0
2012-12-01|0.0
2012-12-02|0.0
2012-12-06|-0.22253002723058066
2012-12-09|0.0
2012-12-10|0.0
2012-12-13|0.0
2012-12-17|0.0
2012-12-27|0.0
2012-12-31|0.0
2013-01-01|-0.0600331344387748
2013-01-07|0.0
2013-01-16|0.465013325214386
2013-01-17|0.0
2013-01-24|0.0
2013-01-30|0.0
2013-02-05|0.0
2013-02-07|0.0
2013-02-09|0.0
2013-02-14|0.0
2013-02-16|0.0
2013-02-19|0.0
2013-02-23|0.0
2013-03-01|0.0
2013-03-02|0.0
2013-03-07|0.0
2013-03-09|0.0
2013-03-13|0.0
2013-03-14|0.0
2013-03-15|0.0
2013-03-17|0.0
2013-03-18|0.0
2013-03-20|0.0
2013-03-21|0.0
2013-03-23|0.0
2013-03-30|-0.400714710354805
2013-04-05|0.0
2013-04-06|0.0
2013-04-11|0.0
2013-04-12|0.0
2013-04-13|0.0
2013-04-18|0.0
2013-04-20|0.0
2013-04-25|0.0
2013-04-27|0.0
2013-05-01|0.0
2013-05-04|0.0
2013-05-07|0.0
2013-05-09|0.0
2013-05-13|-0.9971544742584229
2013-05-16|0.0
2013-05-18|0.0
2013-05-25|0.0
2013-05-29|0.0
2013-05-31|0.0
2013-06-01|0.0
2013-06-06|0.0
2013-06-08|0.0
2013-06-09|0.0
2013-06-10|0.0
2013-06-12|-0.9981178045272827
2013-06-13|0.0
2013-06-14|-0.9224820733070374
2013-06-15|0.0
2013-06-17|0.0
2013-06-18|-0.9998635053634644
2013-06-20|0.0
2013-06-21|0.0
2013-06-22|0.0
2013-06-28|0.0
2013-06-29|0.0
2013-07-04|0.0
2013-07-06|0.0
2013-07-07|0.0
2013-07-10|0.0
2013-07-11|0.0
2013-07-13|0.0
2013-07-18|0.0
2013-07-20|0.0
2013-07-24|0.0
2013-07-27|0.0
2013-07-30|-0.9971871972084045
2013-07-31|0.9992586970329285
2013-08-01|0.0
2013-08-03|0.0
2013-08-05|0.0
2013-08-06|0.0
2013-08-08|0.0
2013-08-10|0.0
2013-08-12|0.0
2013-08-15|0.0
2013-08-17|0.0
2013-08-20|-0.9925231337547302
2013-08-24|0.0
2013-08-28|0.0
2013-08-30|0.0
2013-08-31|0.0
2013-09-06|-0.04589614272117615
2013-09-07|0.0
2013-09-08|0.0
2013-09-12|0.0
2013-09-14|0.0
2013-09-18|0.0
2013-09-19|0.0
2013-09-20|0.0
2013-09-21|0.0
2013-09-22|0.0
2013-09-27|0.0
2013-09-30|0.0
2013-10-02|0.0
2013-10-05|0.0
2013-10-06|0.0
2013-10-10|-0.21273982524871826
2013-10-12|0.0
2013-10-17|0.0
2013-10-19|0.0
2013-10-20|0.0
2013-10-23|0.0
2013-10-26|0.0
2013-10-27|0.0
2013-11-02|0.0
2013-11-06|0.0
2013-11-07|0.0
2013-11-09|0.0
2013-11-13|0.0
2013-11-14|0.0
2013-11-16|0.0
2013-11-21|0.0
2013-11-22|0.0
2013-11-23|0.0
2013-11-28|0.0
2013-11-30|0.0
2013-12-05|0.0
2013-12-07|0.0
2013-12-11|0.0
2013-12-12|0.0
2013-12-14|0.0
2013-12-16|0.0
2013-12-19|0.0
2013-12-21|0.0
2013-12-23|0.0
2013-12-24|0.0
2013-12-25|0.0
2013-12-28|0.0
2013-12-30|0.0
2013-12-31|0.0
2014-01-01|-0.021820099386450364
2014-01-02|0.0
2014-01-03|0.0
2014-01-04|0.0
2014-01-11|0.0
2014-01-12|0.0
2014-01-14|0.0
2014-01-15|-0.9999738931655884
2014-01-16|-0.24999424815177917
2014-01-17|-0.49996769428253174
2014-01-18|0.0
2014-01-23|-0.2499999701976776
2014-01-25|0.0
2014-01-26|0.0
2014-02-01|0.0
2014-02-05|0.0
2014-02-07|-0.9997432827949524
2014-02-08|0.0
2014-02-11|0.0
2014-02-12|-0.9999986886978149
2014-02-13|0.0
2014-02-17|0.0
2014-02-19|-0.9999518394470215
2014-02-20|-0.4999985694885254
2014-02-22|0.0
2014-03-01|0.0
2014-03-08|0.0
2014-03-10|0.0
2014-03-12|0.0
2014-03-13|0.0
2014-03-14|0.0
2014-03-15|0.0
2014-03-17|0.0
2014-03-20|0.0
2014-03-22|0.0
2014-03-24|0.0
2014-03-25|0.0
2014-03-26|0.0
2014-03-28|0.0
2014-03-29|0.0
2014-03-30|0.0
2014-04-01|0.0
2014-04-03|0.0
2014-04-05|0.0
2014-04-07|0.0
2014-04-10|-0.1788049042224884
2014-04-11|0.0
2014-04-12|0.0
2014-04-17|0.0
2014-04-19|0.0
2014-04-20|0.0
2014-04-23|0.0
2014-05-01|-0.9999258518218994
2014-05-03|0.0
2014-05-08|0.0
2014-05-09|0.0
2014-05-10|0.0
2014-05-15|0.0
2014-05-16|0.0
2014-05-17|0.0
2014-05-20|0.0
2014-05-21|-0.9999812841415405
2014-05-24|0.0
2014-05-28|-0.4999997019767761
2014-05-31|0.0
2014-06-01|0.0
2014-06-06|0.0
2014-06-07|0.0
2014-06-08|0.0
2014-06-12|0.0
2014-06-14|0.0
2014-06-18|0.0
2014-06-19|0.0
2014-06-21|0.0
2014-06-23|-0.9999570846557617
2014-06-24|0.0
2014-06-25|0.0
2014-06-28|0.0
2014-06-30|0.0
2014-07-04|0.0
2014-07-05|0.0
2014-07-07|0.0
2014-07-08|0.0
2014-07-10|0.0
2014-07-12|0.0
2014-07-17|0.0
2014-07-18|0.0
2014-07-19|0.0
2014-07-22|0.0
2014-07-26|0.0
2014-07-31|0.0
2014-08-01|0.0
2014-08-02|0.0
2014-08-05|0.0
2014-08-07|0.0
2014-08-09|0.0
2014-08-14|0.0
2014-08-15|0.0
2014-08-16|0.0
2014-08-18|0.0
2014-08-20|0.0
2014-08-23|0.0
2014-08-30|0.0
2014-09-01|0.0
2014-09-05|0.0
2014-09-06|0.0
2014-09-07|0.0
2014-09-10|0.0
2014-09-11|-0.17779548466205597
2014-09-13|0.0
2014-09-16|0.9497219324111938
2014-09-17|-0.9687860608100891
2014-09-18|0.0
2014-09-20|0.0
2014-09-21|0.9995580315589905
2014-09-23|0.0
2014-09-26|0.0
2014-09-27|0.0
2014-09-28|0.0
2014-09-30|0.31657397747039795
2014-10-01|0.0
2014-10-04|0.0
2014-10-07|0.0
2014-10-09|0.0
2014-10-10|0.0
2014-10-11|0.0
2014-10-14|0.9497219324111938
2014-10-16|0.0
2014-10-18|0.0
2014-10-23|-0.9998369216918945
2014-10-24|0.0
2014-10-25|0.0
2014-10-28|-0.9998786449432373
2014-11-01|0.0
2014-11-04|-0.4942344129085541
2014-11-06|0.0
2014-11-08|0.0
2014-11-13|0.0
2014-11-15|0.0
2014-11-18|0.0
2014-11-20|0.0
2014-11-22|0.0
2014-11-29|0.0
2014-12-01|0.0
2014-12-02|0.0
2014-12-03|0.0
2014-12-04|0.0
2014-12-06|0.0
2014-12-07|0.0
2014-12-08|0.0
2014-12-09|0.0
2014-12-10|0.0
2014-12-11|0.0
2014-12-12|0.0
2014-12-13|0.0
2014-12-15|-0.9999948740005493
2014-12-18|0.0
2014-12-19|0.0
2014-12-20|0.0
2014-12-27|0.0
2014-12-30|0.0
2014-12-31|-0.2474818378686905
2015-01-01|0.018392186672961126
2015-01-02|0.0
2015-01-03|0.0
2015-01-04|0.0
2015-01-05|0.0
2015-01-06|0.0
2015-01-07|0.0
2015-01-08|0.0
2015-01-09|0.0
2015-01-10|0.0
2015-01-11|0.0
2015-01-12|0.0
2015-01-13|0.0
2015-01-14|0.0
2015-01-15|-0.12810611724853516
2015-01-16|0.0
2015-01-17|0.0
2015-01-19|0.0
2015-01-21|0.0
2015-01-22|0.0
2015-01-23|0.0
2015-01-24|0.0
2015-01-31|-0.05558220744132995
2015-02-01|0.0
2015-02-03|0.0
2015-02-06|0.0
2015-02-07|0.0
2015-02-09|0.0
2015-02-10|0.0
2015-02-12|0.0
2015-02-13|0.0
2015-02-14|0.0
2015-02-15|0.0
2015-02-18|0.0
2015-02-20|0.0
2015-02-21|0.0
2015-02-23|0.0
2015-02-26|0.0
2015-02-27|0.0
2015-02-28|0.0
2015-03-01|0.0
2015-03-03|0.0
2015-03-06|0.0
2015-03-07|0.0
2015-03-08|0.0
2015-03-12|-0.146540105342865
2015-03-13|0.0
2015-03-14|0.0
2015-03-17|0.0
2015-03-18|0.0
2015-03-19|0.0
2015-03-21|0.0
2015-03-23|0.0
2015-03-24|0.0
2015-03-25|0.0
2015-03-26|0.0
2015-03-27|0.0
2015-03-28|0.0
2015-03-30|0.0
2015-03-31|0.0
2015-04-04|0.0
2015-04-09|0.0
2015-04-10|0.0
2015-04-11|0.0
2015-04-13|0.0
2015-04-14|0.0
2015-04-15|0.0
2015-04-16|-0.15726500749588013
2015-04-17|0.0
2015-04-18|0.0
2015-04-21|0.0
2015-04-23|0.0
2015-04-24|0.0
2015-04-25|0.0
2015-04-27|0.0
2015-04-28|0.0
2015-04-29|0.0
2015-05-01|0.0
2015-05-02|0.0
2015-05-07|0.0
2015-05-08|0.0
2015-05-09|0.0
2015-05-13|0.0
2015-05-14|0.0
2015-05-15|0.0
2015-05-16|0.0
2015-05-19|0.0
2015-05-20|0.0
2015-05-21|0.0
2015-05-23|-0.4157472848892212
2015-05-24|0.0
2015-05-27|0.0
2015-05-30|0.0
2015-05-31|0.0
2015-06-01|0.0
2015-06-02|0.0
2015-06-03|-0.8595530986785889
2015-06-04|0.0
2015-06-05|0.0
2015-06-06|0.0
2015-06-07|0.0
2015-06-09|0.0
2015-06-10|0.0
2015-06-11|-0.16764570474624635
2015-06-12|0.0
2015-06-13|0.0
2015-06-16|0.0
2015-06-17|0.0
2015-06-18|0.0
2015-06-19|0.0
2015-06-20|0.0
2015-06-23|0.0
2015-06-24|0.0
2015-06-27|0.0
2015-06-30|0.0
2015-07-01|0.0
2015-07-04|0.0
2015-07-07|0.0
2015-07-09|0.0
2015-07-11|0.0
2015-07-13|0.0
2015-07-15|0.0
2015-07-17|0.0
2015-07-18|0.0
2015-07-20|0.0
2015-07-21|0.0
2015-07-22|0.0
2015-07-23|0.0
2015-07-25|0.0
2015-07-26|0.0
2015-07-28|0.0
2015-07-30|0.0
2015-08-01|0.0
2015-08-06|0.0
2015-08-08|0.0
2015-08-12|0.0
2015-08-14|0.0
2015-08-15|0.0
2015-08-17|0.0
2015-08-20|0.0
2015-08-21|0.0
2015-08-22|0.0
2015-08-23|0.0
2015-08-25|0.0
2015-08-26|0.0
2015-08-27|0.0
2015-08-28|0.0
2015-08-29|0.0
2015-09-01|0.0
2015-09-05|0.0
2015-09-07|0.0
2015-09-08|0.0
2015-09-09|0.0
2015-09-10|-0.15439817309379578
2015-09-12|0.0
2015-09-14|0.0
2015-09-15|0.0
2015-09-16|0.0
2015-09-17|0.0
2015-09-19|0.0
2015-09-26|0.0
2015-09-29|0.0
2015-09-30|0.0
2015-10-01|0.0
2015-10-03|0.0
2015-10-06|0.0
2015-10-07|0.0
2015-10-10|0.0
2015-10-13|0.0
2015-10-15|0.0
2015-10-17|0.0
2015-10-20|0.0
2015-10-22|0.0
2015-10-23|0.0
2015-10-24|0.0
2015-10-27|0.0
2015-10-31|0.0
2015-11-03|0.0
2015-11-04|0.0
2015-11-05|0.0
2015-11-07|0.0
2015-11-10|0.0
2015-11-11|0.0
2015-11-12|0.0
2015-11-14|0.0
2015-11-16|0.0
2015-11-18|0.0
2015-11-19|0.0
2015-11-20|0.0
2015-11-21|0.0
2015-11-23|0.0
2015-11-25|0.0
2015-11-26|0.0
2015-11-28|0.0
2015-11-30|0.0
2015-12-01|0.0
2015-12-02|0.49492572247982025
2015-12-03|0.0
2015-12-05|0.0
2015-12-08|0.0
2015-12-10|0.19999990463256836
2015-12-12|0.0
2015-12-15|0.0
2015-12-17|0.0
2015-12-18|0.0
2015-12-19|0.0
2015-12-23|0.0
2015-12-24|0.0
2015-12-26|0.0
2015-12-28|0.0
2015-12-29|0.0
2015-12-31|-0.229744291305542
2016-01-01|-0.1411810386471632
2016-01-02|0.0
2016-01-08|0.0
2016-01-09|0.0
2016-01-12|-0.5702501535415649
2016-01-13|0.0
2016-01-14|0.24999791383743286
2016-01-15|0.0
2016-01-16|0.0
2016-01-20|0.0
2016-01-23|0.0
2016-01-29|0.0
2016-01-30|0.0
2016-01-31|0.0
2016-02-02|-0.49650225043296814
2016-02-03|0.0
2016-02-06|0.0
2016-02-10|0.0
2016-02-11|0.0
2016-02-13|0.0
2016-02-16|0.0
2016-02-18|0.24999836087226868
2016-02-20|0.0
2016-02-25|0.0
2016-02-27|0.0
2016-02-28|0.0
2016-02-29|0.3332101106643677
2016-03-01|0.0
2016-03-02|0.9999847412109375
2016-03-04|0.0
2016-03-05|0.0
2016-03-10|0.0
2016-03-11|0.0
2016-03-12|0.0
2016-03-15|0.0
2016-03-16|0.0
2016-03-17|-0.24521410465240479
2016-03-19|0.0
2016-03-22|0.0
2016-03-24|0.0
2016-03-26|0.0
2016-03-28|0.0
2016-03-29|0.0
2016-03-30|0.0
2016-03-31|0.0
2016-04-02|-0.29389846324920654
2016-04-04|0.0
2016-04-05|-0.9990772008895874
2016-04-08|0.0
2016-04-09|0.0
2016-04-11|0.0
2016-04-12|0.0
2016-04-13|0.0
2016-04-14|-0.22503285109996796
2016-04-15|0.0
2016-04-16|0.0
2016-04-20|0.0
2016-04-21|0.0
2016-04-23|0.0
2016-04-26|0.0
2016-04-27|0.0
2016-04-29|0.0
2016-04-30|0.0
2016-05-02|0.0
2016-05-03|0.0
2016-05-05|0.0
2016-05-07|0.0
2016-05-13|0.0
2016-05-14|0.0
2016-05-15|0.0
2016-05-18|-0.3333051602045695
2016-05-19|-0.33220207691192627
2016-05-21|0.0
2016-05-23|0.0
2016-05-24|0.0
2016-05-25|0.0
2016-05-26|0.0
2016-05-28|0.0
2016-05-31|0.0
2016-06-01|0.49999988079071045
2016-06-02|0.0
2016-06-03|0.0
2016-06-04|0.0
2016-06-07|0.0
2016-06-09|0.0
2016-06-11|0.0
2016-06-12|0.0
2016-06-16|-0.3326708475748698
2016-06-18|0.0
2016-06-21|0.0
2016-06-23|0.0
2016-06-24|0.0
2016-06-25|0.0
2016-06-28|-0.9993228912353516
2016-06-30|0.0
2016-07-01|0.0
2016-07-02|0.0
2016-07-08|0.0
2016-07-09|0.0
2016-07-12|0.0
2016-07-14|0.0
2016-07-16|0.0
2016-07-18|0.0
2016-07-19|0.0
2016-07-21|0.4996257722377777
2016-07-23|0.0
2016-07-26|0.0
2016-07-27|0.0
2016-07-30|0.0
2016-08-02|0.0
2016-08-03|0.0
2016-08-06|0.0
2016-08-09|0.0
2016-08-12|0.0
2016-08-13|0.0
2016-08-14|0.0
2016-08-15|0.0
2016-08-16|0.0
2016-08-17|0.0
2016-08-18|0.17679151892662048
2016-08-19|0.0
2016-08-20|0.0
2016-08-25|0.0
2016-08-26|0.0
2016-08-27|0.0
2016-08-29|0.0
2016-08-30|0.0
2016-09-02|0.0
2016-09-03|0.0
2016-09-05|0.0
2016-09-08|0.0
2016-09-09|0.0
2016-09-10|0.0
2016-09-11|0.0
2016-09-13|0.0
2016-09-14|-0.3331596255302429
2016-09-15|0.0
2016-09-17|0.0
2016-09-18|0.0
2016-09-19|0.0
2016-09-22|0.0
2016-09-24|0.0
2016-09-27|0.0
2016-09-28|0.0
2016-09-30|0.0
2016-10-01|0.0
2016-10-04|0.0
2016-10-05|0.0
2016-10-07|0.0
2016-10-08|0.0
2016-10-11|0.0
2016-10-13|0.0
2016-10-15|-0.318351149559021
2016-10-17|0.0
2016-10-20|0.0
2016-10-22|0.0
2016-10-27|0.0
2016-10-28|0.0
2016-10-29|0.0
2016-10-30|0.0
2016-10-31|0.0
2016-11-01|0.0
2016-11-02|0.0
2016-11-03|0.0
2016-11-05|0.0
2016-11-10|0.0
2016-11-12|0.0
2016-11-15|0.0
2016-11-16|0.0
2016-11-17|0.0
2016-11-19|0.0
2016-11-21|0.0
2016-11-24|0.0
2016-11-26|0.0
2016-11-27|0.0
2016-11-28|0.0
2016-12-01|0.0
2016-12-03|0.0
2016-12-05|0.0
2016-12-06|0.0
2016-12-08|0.0
2016-12-09|0.0
2016-12-10|0.0
2016-12-13|0.0
2016-12-14|-0.24923719465732574
2016-12-15|0.09736038578881158
2016-12-17|0.0
2016-12-18|0.0
2016-12-19|0.0
2016-12-20|0.0
2016-12-22|0.0
2016-12-23|0.0
2016-12-24|0.0
2016-12-25|0.0
2016-12-31|0.0
2017-01-01|0.06975496411323548
2017-01-04|0.0
2017-01-06|0.0
2017-01-07|0.0
2017-01-09|0.0
2017-01-12|0.0
2017-01-14|0.0
2017-01-18|0.49939289689064026
2017-01-19|0.0
2017-01-21|0.0
2017-01-24|0.0
2017-01-26|0.0
2017-01-27|0.0
2017-01-28|0.0
2017-01-30|0.0
2017-02-03|0.0
2017-02-04|0.0
2017-02-06|0.0
2017-02-09|0.0
2017-02-11|0.0
2017-02-12|0.0
2017-02-13|0.0
2017-02-14|0.0
2017-02-16|0.0
2017-02-17|0.0
2017-02-18|0.0
2017-02-19|0.0
2017-02-22|0.0
2017-02-23|0.0
2017-02-25|0.0
2017-02-28|0.0
2017-03-01|0.0
2017-03-02|0.0
2017-03-03|0.0
2017-03-04|0.0
2017-03-07|0.0
2017-03-09|0.0
2017-03-10|0.0
2017-03-11|0.0
2017-03-14|0.0
2017-03-15|0.0
2017-03-16|0.0
2017-03-17|0.0
2017-03-18|0.0
2017-03-20|0.0
2017-03-21|0.0
2017-03-23|0.0
2017-03-25|0.3333333333333333
2017-03-26|0.0
2017-03-28|0.0
2017-03-29|0.0
2017-03-30|0.0
2017-04-01|0.0
2017-04-07|0.0
2017-04-08|0.0
2017-04-10|0.0
2017-04-11|0.0
2017-04-13|0.24999931454658508
2017-04-15|0.0
2017-04-16|0.0
2017-04-20|0.0
2017-04-21|0.0
2017-04-22|0.0
2017-04-24|0.0
2017-04-25|0.0
2017-04-26|0.0
2017-04-28|0.0
2017-04-29|0.0
2017-04-30|0.0
2017-05-02|0.0
2017-05-05|0.0
2017-05-06|0.0
2017-05-09|0.0
2017-05-10|0.0
2017-05-12|0.5282744765281677
2017-05-13|0.0
2017-05-15|0.0
2017-05-16|0.0
2017-05-17|-0.3316408197085063
2017-05-18|0.0
2017-05-20|0.0
2017-05-21|0.0
2017-05-22|0.0
2017-05-23|0.0
2017-05-24|0.0
2017-05-25|0.0
2017-05-26|0.0
2017-05-27|0.0
2017-05-31|0.0
2017-06-01|0.0
2017-06-03|0.0
2017-06-04|0.0
2017-06-05|0.0
2017-06-06|0.0
2017-06-08|0.0
2017-06-09|0.0
2017-06-10|0.0
2017-06-12|0.0
2017-06-13|0.0
2017-06-14|0.0
2017-06-15|0.0
2017-06-17|0.0
2017-06-20|0.0
2017-06-21|0.0
2017-06-22|0.0
2017-06-24|0.0
2017-06-28|0.0
2017-06-30|0.0
2017-07-01|0.0
2017-07-05|0.4896356761455536
2017-07-08|0.0
2017-07-09|0.0
2017-07-10|0.0
2017-07-12|0.0
2017-07-14|0.4978289008140564
2017-07-15|0.0
2017-07-18|0.0
2017-07-20|0.0
2017-07-22|0.0
2017-07-23|0.0
2017-07-25|0.0
2017-07-26|0.0
2017-07-27|0.0
2017-07-29|0.0
2017-07-31|-0.24724699556827545
2017-08-01|0.0
2017-08-03|0.0
2017-08-05|0.0
2017-08-09|0.0
2017-08-11|0.0
2017-08-12|0.0
2017-08-13|0.0
2017-08-14|0.0
2017-08-15|-0.9854660034179688
2017-08-16|0.0
2017-08-17|0.35216024518013
2017-08-19|0.0
2017-08-23|0.0
2017-08-24|0.0
2017-08-25|0.0
2017-08-26|0.0
2017-08-28|0.0
2017-08-29|0.0
2017-08-31|0.0
2017-09-01|-0.3317328095436096
2017-09-02|0.0
2017-09-06|0.0
2017-09-07|0.0
2017-09-08|0.0
2017-09-09|0.0
2017-09-11|0.0
2017-09-14|0.3771075904369354
2017-09-15|0.0
2017-09-16|0.0
2017-09-19|0.0
2017-09-21|0.0
2017-09-23|0.0
2017-09-26|0.0
2017-09-28|-0.9996335506439209
2017-09-29|0.0
2017-09-30|0.0
2017-10-01|0.0
2017-10-04|0.0
2017-10-05|0.0
2017-10-07|0.0
2017-10-08|0.0
2017-10-10|0.0
2017-10-11|0.0
2017-10-13|0.0
2017-10-14|0.0
2017-10-17|0.0
2017-10-19|0.0
2017-10-21|0.0
2017-10-23|0.0
2017-10-24|0.0
2017-10-25|0.998984158039093
2017-10-26|0.0
2017-10-28|0.0
2017-10-30|0.0
2017-10-31|0.0
2017-11-01|0.0
2017-11-04|0.0
2017-11-11|0.0
2017-11-15|0.0
2017-11-16|0.0
2017-11-17|0.0
2017-11-18|0.0
2017-11-19|0.0
2017-11-23|0.0
2017-11-25|0.0
2017-11-28|-0.4119814336299896
2017-11-29|0.0
2017-11-30|0.0
2017-12-01|0.0
2017-12-02|0.0
2017-12-04|0.0
2017-12-05|0.0
2017-12-06|0.0
2017-12-07|0.0
2017-12-08|0.0
2017-12-09|0.0
2017-12-11|0.0
2017-12-12|0.0
2017-12-13|0.0
2017-12-14|0.3333333333333333
2017-12-15|0.0
2017-12-18|0.0
2017-12-19|-0.24997135996818542
2017-12-20|0.0
2017-12-21|0.0
2017-12-22|0.0
2017-12-23|0.0
2017-12-25|0.0
2017-12-30|0.0
2017-12-31|0.0
2018-01-01|0.0
2018-01-03|0.0
2018-01-04|0.0
2018-01-06|0.0
2018-01-07|0.0
2018-01-09|0.0
2018-01-10|0.0
2018-01-12|0.0
2018-01-13|0.0
2018-01-15|0.0
2018-01-16|0.0
2018-01-17|0.0
2018-01-18|0.5
2018-01-19|0.0
2018-01-20|0.0
2018-01-24|0.0
2018-01-25|0.0
2018-01-26|0.0
2018-01-27|0.0
2018-01-28|0.0
2018-02-01|-0.33325884739557904
2018-02-03|0.4998329281806946
2018-02-06|0.33327702681223553
2018-02-08|0.980553388595581
2018-02-09|0.0
2018-02-10|0.0
2018-02-12|0.0
2018-02-15|0.0
2018-02-16|0.0
2018-02-17|0.0
2018-02-20|0.0
2018-02-21|0.24888339638710022
2018-02-22|0.0
2018-02-24|0.0
2018-02-25|0.0
2018-02-26|0.0
2018-02-28|0.0
2018-03-01|0.0
2018-03-03|0.0
2018-03-04|0.0
2018-03-05|0.0
2018-03-06|0.0
2018-03-07|0.0
2018-03-08|0.0
2018-03-10|0.0
2018-03-11|0.0
2018-03-12|0.0
2018-03-15|0.0
2018-03-16|0.0
2018-03-17|0.0
2018-03-20|0.0
2018-03-21|-0.32614163557688397
2018-03-22|0.0
2018-03-23|0.0
2018-03-24|0.0
2018-03-29|0.0
2018-03-30|0.0
2018-03-31|0.0
2018-04-03|0.0
2018-04-04|0.0
2018-04-06|0.0
2018-04-07|0.0
2018-04-08|0.0
2018-04-09|0.0
2018-04-10|0.0
2018-04-12|0.0
2018-04-13|0.0
2018-04-14|0.0
2018-04-15|0.0
2018-04-17|0.0
2018-04-18|0.0
2018-04-19|0.0
2018-04-20|-0.15625640153884887
2018-04-21|0.0
2018-04-23|0.9999996423721313
2018-04-24|0.0
2018-04-25|0.0
2018-04-26|0.0
2018-04-27|0.0
2018-04-28|0.0
2018-04-29|0.0
2018-04-30|0.0
2018-05-01|0.0
2018-05-02|0.0
2018-05-04|0.0
2018-05-05|0.0
2018-05-07|0.0
2018-05-10|-0.44190892577171326
2018-05-11|0.0
2018-05-12|0.0
2018-05-15|0.0
2018-05-16|0.0
2018-05-17|0.0
2018-05-19|0.0
2018-05-20|0.0
2018-05-21|0.0
2018-05-22|0.0
2018-05-23|0.0
2018-05-24|-0.46139979362487793
2018-05-25|0.0
2018-05-26|0.0
2018-05-28|0.0
2018-05-30|0.0
2018-05-31|-0.18021758794784545
2018-06-01|0.0
2018-06-02|0.0
2018-06-03|0.0
2018-06-06|0.0
2018-06-07|0.0
2018-06-08|0.0
2018-06-09|0.0
2018-06-10|0.0
2018-06-12|0.0
2018-06-14|-0.3301538825035095
2018-06-16|0.0
2018-06-18|0.0
2018-06-19|0.0
2018-06-21|0.0
2018-06-22|0.0
2018-06-23|0.0
2018-06-26|0.0
2018-06-29|0.0
2018-06-30|0.0
2018-07-01|0.0
2018-07-02|0.0
2018-07-07|0.0
2018-07-09|0.0
2018-07-10|0.0
2018-07-12|0.0
2018-07-14|0.0
2018-07-17|0.0
2018-07-18|0.0
2018-07-19|-0.4877738058567047
2018-07-21|0.0
2018-07-26|0.0
2018-07-28|0.0
2018-07-30|0.0
2018-07-31|0.0
2018-08-01|0.0
2018-08-04|0.0
2018-08-08|0.0
2018-08-09|0.0
2018-08-11|0.0
2018-08-13|0.0
2018-08-16|0.0
2018-08-18|0.0
2018-08-21|0.0
2018-08-23|0.0
2018-08-26|0.0
2018-08-30|0.0
2018-09-01|0.0
2018-09-05|0.0
2018-09-07|-0.49168238043785095
2018-09-09|-0.9929821491241455
2018-09-10|0.0
2018-09-12|0.0
2018-09-13|0.0
2018-09-15|0.0
2018-09-17|0.0
2018-09-18|0.0
2018-09-20|0.0
2018-09-22|0.0
2018-09-23|0.0
2018-09-24|0.0
2018-09-28|0.49999797344207764
2018-09-29|0.0
2018-09-30|0.0
2018-10-01|0.0
2018-10-03|0.0
2018-10-06|0.0
2018-10-11|0.0
2018-10-12|0.0
2018-10-13|0.0
2018-10-16|0.0
2018-10-17|0.0
2018-10-18|0.0
2018-10-20|0.0
2018-10-25|0.0
2018-10-26|0.0
2018-10-27|0.0
2018-10-30|0.0
2018-10-31|0.0
2018-11-01|0.0
2018-11-02|0.0
2018-11-03|0.0
2018-11-04|0.0
2018-11-09|0.0
2018-11-10|0.0
2018-11-11|0.0
2018-11-15|0.0
2018-11-16|0.0
2018-11-17|0.0
2018-11-19|0.0
2018-11-21|0.0
2018-11-22|0.0
2018-11-24|0.0
2018-11-27|0.0
2018-11-30|0.0
2018-12-01|0.0
2018-12-05|0.0
2018-12-06|0.0
2018-12-08|0.0
2018-12-11|0.0
2018-12-12|0.0
2018-12-13|0.0
2018-12-14|0.0
2018-12-15|0.0
2018-12-17|0.0
2018-12-18|0.0
2018-12-19|0.0
2018-12-20|0.0
2018-12-21|0.0
2018-12-22|0.0
2018-12-26|0.0
2018-12-27|0.0
2018-12-29|0.0
2018-12-31|0.0
2019-01-01|-0.06649358669916788
2019-01-02|0.0
2019-01-03|0.0
2019-01-04|0.0
2019-01-05|0.0
2019-01-06|0.0
2019-01-08|0.0
2019-01-09|0.0
2019-01-10|0.0
2019-01-12|0.0
2019-01-14|0.0
2019-01-15|0.0
2019-01-16|0.0
2019-01-18|0.0
2019-01-19|0.0
2019-01-21|0.0
2019-01-23|0.0
2019-01-24|0.0
2019-01-26|0.0
2019-01-28|0.0
2019-01-29|0.0
2019-01-30|0.0
2019-01-31|0.0
2019-02-01|0.0
2019-02-02|0.0
2019-02-04|0.0
2019-02-05|0.0
2019-02-06|0.0
2019-02-08|0.0
2019-02-09|0.0
2019-02-12|0.0
2019-02-13|0.0
2019-02-14|0.0
2019-02-16|0.0
2019-02-19|0.0
2019-02-20|0.0
2019-02-21|0.0
2019-02-23|0.0
2019-02-25|0.0
2019-02-26|0.0
2019-02-28|0.0
2019-03-01|0.0
2019-03-02|0.0
2019-03-03|0.0
2019-03-09|0.0
2019-03-12|0.0
2019-03-13|0.0
2019-03-14|0.0
2019-03-15|0.0
2019-03-16|0.0
2019-03-18|0.0
2019-03-19|0.0
2019-03-21|0.0
2019-03-22|0.0
2019-03-23|0.0
2019-03-24|0.0
2019-03-25|0.0
2019-03-26|0.0
2019-03-27|0.0
2019-03-28|0.0
2019-03-29|0.0
2019-03-30|0.0
2019-04-01|0.0
2019-04-02|0.0
2019-04-04|0.0
2019-04-05|0.0
2019-04-06|0.0
2019-04-07|0.0
2019-04-10|-0.14952888091405234
2019-04-11|0.0
2019-04-12|0.0
2019-04-13|0.0
2019-04-14|0.0
2019-04-15|0.0
2019-04-16|0.0
2019-04-18|0.0
2019-04-20|0.0
2019-04-21|0.0
2019-04-22|0.0
2019-04-24|0.0
2019-04-25|0.0
2019-04-26|0.0
2019-04-27|0.0
2019-04-30|0.0
2019-05-01|0.0
2019-05-03|0.0
2019-05-04|0.0
2019-05-07|0.0
2019-05-08|0.0
2019-05-10|0.0
2019-05-11|0.0
2019-05-13|0.0
2019-05-15|0.0
2019-05-16|0.0
2019-05-18|0.0
2019-05-22|0.0
2019-05-23|0.0
2019-05-24|0.0
2019-05-25|0.0
2019-05-29|0.0
2019-05-30|0.0
2019-05-31|0.0
2019-06-02|0.0
2019-06-04|0.0
2019-06-06|0.0
2019-06-07|0.0
2019-06-08|0.0
2019-06-10|0.0
2019-06-11|-0.33333321412404376
2019-06-13|0.0
2019-06-14|0.0
2019-06-15|0.0
2019-06-20|0.0
2019-06-22|0.0
2019-06-25|-0.12285128831863404
2019-06-26|0.999415397644043
2019-06-27|0.0
2019-06-28|0.0
2019-06-29|-0.499999463558197
2019-06-30|-0.13629379272460937
2019-07-01|0.0
2019-07-03|0.0
2019-07-06|0.0
2019-07-08|0.0
2019-07-09|0.0
2019-07-10|-0.9958788156509399
2019-07-13|0.0
2019-07-15|0.0
2019-07-16|0.0
2019-07-17|0.0
2019-07-18|0.0
2019-07-19|0.0
2019-07-20|0.0
2019-07-24|0.0
2019-07-25|0.0
2019-07-27|0.0
2019-07-28|0.0
2019-07-29|0.0
2019-07-30|0.0
2019-07-31|0.0
2019-08-01|0.0
2019-08-03|0.0
2019-08-06|0.0
2019-08-07|0.0
2019-08-09|0.0
2019-08-10|0.0
2019-08-11|0.0
2019-08-12|0.0
2019-08-14|0.0
2019-08-15|0.0
2019-08-16|0.0
2019-08-18|0.0
2019-08-19|0.0
2019-08-20|0.0
2019-08-21|0.0
2019-08-22|0.0
2019-08-23|0.0
2019-08-24|0.0
2019-08-26|0.0
2019-08-27|0.0
2019-08-28|0.0
2019-08-29|0.0
2019-08-30|-0.49992311000823975
2019-08-31|0.0
2019-09-01|0.0
2019-09-02|0.0
2019-09-03|0.0
2019-09-04|0.0
2019-09-06|0.0
2019-09-07|0.0
2019-09-10|0.319514532883962
2019-09-11|-0.9884359836578369
2019-09-12|0.0
2019-09-13|0.0
2019-09-14|0.0
2019-09-15|0.0
2019-09-17|0.0
2019-09-18|0.0
2019-09-19|0.0
2019-09-22|0.0
2019-09-23|0.0
2019-09-25|0.0
2019-09-26|0.0
2019-09-27|0.0
2019-09-28|0.0
2019-09-30|0.0
2019-10-01|0.0
2019-10-02|-0.4713800251483917
2019-10-03|0.0
2019-10-05|0.0
2019-10-08|0.0
2019-10-09|0.0
2019-10-10|0.0
2019-10-11|0.0
2019-10-12|0.0
2019-10-13|0.0
2019-10-15|0.0
2019-10-17|-0.33319002389907837
2019-10-19|0.0
2019-10-22|0.0
2019-10-23|0.0
2019-10-24|0.0
2019-10-26|0.0
2019-10-28|0.0
2019-10-29|0.0
2019-10-30|0.0
2019-10-31|0.0
2019-11-01|0.0
2019-11-02|0.0
2019-11-03|0.0
2019-11-04|0.0
2019-11-06|0.0
2019-11-07|0.0
2019-11-09|0.0
2019-11-10|0.0
2019-11-11|0.0
2019-11-12|0.0
2019-11-13|0.0
2019-11-14|0.0
2019-11-17|0.0
2019-11-19|-0.4999898076057434
2019-11-20|0.0
2019-11-21|0.0
2019-11-22|0.0
2019-11-23|0.0
2019-11-28|0.0
2019-11-30|0.0
2019-12-01|0.0
2019-12-03|0.0
2019-12-04|0.0
2019-12-06|0.0
2019-12-07|0.0
2019-12-10|7.243156433105469e-05
2019-12-11|0.0
2019-12-14|0.0
2019-12-15|0.0
2019-12-18|0.0
2019-12-19|0.0
2019-12-20|0.0
2019-12-21|0.0
2019-12-23|0.0
2019-12-24|0.0
2019-12-28|0.0
2019-12-30|0.0
2019-12-31|0.0
2020-01-01|0.06239838953371401
2020-01-03|0.0
2020-01-04|0.0
2020-01-06|0.9941482543945312
2020-01-07|0.0
2020-01-08|-0.49963340163230896
2020-01-09|0.0
2020-01-10|0.0
2020-01-11|0.0
2020-01-12|0.0
2020-01-13|0.0
2020-01-14|0.0
2020-01-16|-0.4999769330024719
2020-01-17|0.0
2020-01-18|0.0
2020-01-19|0.0
2020-01-22|0.0
2020-01-23|0.0
2020-01-26|0.0
2020-01-27|0.0
2020-01-30|-0.3286122481028239
2020-02-01|0.0
2020-02-02|0.0
2020-02-03|0.0
2020-02-04|0.0
2020-02-05|0.4327477812767029
2020-02-06|0.0
2020-02-07|0.0
2020-02-08|0.0
2020-02-09|0.0
2020-02-10|0.0
2020-02-13|0.0
2020-02-15|0.0
2020-02-16|-0.4999983310699463
2020-02-17|0.0
2020-02-18|0.0
2020-02-19|0.0
2020-02-20|0.0
2020-02-21|0.0
2020-02-22|0.0
2020-02-25|-0.4925650358200073
2020-02-27|0.0
2020-02-28|0.0
2020-02-29|0.0
2020-03-01|0.0
2020-03-03|0.0
2020-03-06|0.0
2020-03-11|0.24941064417362213
2020-03-12|0.0
2020-03-13|0.0
2020-03-14|0.0
2020-03-15|-0.4999927878379822
2020-03-16|0.0
2020-03-17|0.0
2020-03-18|0.0
2020-03-19|0.0
2020-03-20|0.0
2020-03-21|0.0
2020-03-22|0.0
2020-03-23|0.0
2020-03-24|0.4616473615169525
2020-03-26|0.0
2020-03-27|0.0
2020-03-28|0.0
2020-03-29|0.0
2020-03-30|-0.3312796155611674
2020-03-31|-0.33151519298553467
2020-04-01|-0.3090306997299194
2020-04-02|0.0
2020-04-03|0.0
2020-04-04|0.0
2020-04-05|0.0
2020-04-07|0.0
2020-04-08|0.24327866236368814
2020-04-09|0.0
2020-04-10|0.0
2020-04-11|0.0
2020-04-12|0.0
2020-04-13|0.0
2020-04-15|-0.13106915950775147
2020-04-16|0.0
2020-04-17|0.0
2020-04-18|0.0
2020-04-19|0.0
2020-04-20|0.0
2020-04-21|0.0
2020-04-22|0.0
2020-04-23|0.0
2020-04-24|0.0
2020-04-25|0.0
2020-04-26|0.0
2020-04-27|-0.9999943971633911
2020-04-28|0.0
2020-04-29|0.0
2020-04-30|-0.24990972876548767
2020-05-01|0.0
2020-05-02|0.0
2020-05-03|0.0
2020-05-04|0.0
2020-05-05|0.0
2020-05-06|0.0
2020-05-07|0.0
2020-05-08|-0.24301532904307047
2020-05-09|0.4999403953552246
2020-05-11|0.0
2020-05-12|0.0
2020-05-13|-0.9994503855705261
2020-05-14|-0.2498355358839035
2020-05-15|-0.4998544752597809
2020-05-16|0.0
2020-05-17|0.0
2020-05-18|0.0
2020-05-19|0.0
2020-05-20|0.28444109360376996
2020-05-21|0.0
2020-05-22|0.0
2020-05-23|0.0
2020-05-25|0.0
2020-05-26|0.0
2020-05-27|0.0
2020-05-29|0.0
2020-05-30|0.0
2020-05-31|0.0
2020-06-01|0.0
2020-06-04|0.0
2020-06-05|0.0
2020-06-06|0.0
2020-06-08|0.0
2020-06-09|0.0
2020-06-10|0.0
2020-06-12|0.0
2020-06-13|0.0
2020-06-14|0.0
2020-06-15|0.48524147272109985
2020-06-16|0.0
2020-06-18|0.0
2020-06-20|0.0
2020-06-22|0.0
2020-06-23|0.0
2020-06-24|0.0
2020-06-25|0.0
2020-06-26|0.0
2020-06-28|0.0
2020-06-30|-0.12487879395484924
2020-07-01|0.0
2020-07-03|0.0
2020-07-04|0.0
2020-07-06|0.0
2020-07-08|0.0
2020-07-09|0.0
2020-07-11|0.0
2020-07-12|0.0
2020-07-14|0.0
2020-07-15|0.0
2020-07-16|0.0
2020-07-17|0.0
2020-07-22|0.0
2020-07-23|0.0
2020-07-24|0.0
2020-07-25|-0.2287907600402832
2020-07-31|0.0
2020-08-01|0.0
2020-08-02|0.0
2020-08-04|0.0
2020-08-05|0.0
2020-08-08|0.0
2020-08-10|0.0
2020-08-12|0.0
2020-08-13|0.0
2020-08-14|0.0
2020-08-15|0.0
2020-08-17|-0.9997788071632385
2020-08-20|0.0
2020-08-23|0.0
2020-08-24|0.0
2020-08-28|0.0
2020-08-29|-0.33333301544189453
2020-08-31|-0.4998190999031067
2020-09-01|0.0
2020-09-03|-0.4999997615814209
2020-09-06|0.0
2020-09-09|-0.32381540536880493
2020-09-11|0.0
2020-09-13|0.0
2020-09-15|0.0
2020-09-17|0.0
2020-09-18|0.0
2020-09-19|0.0
2020-09-22|0.0
2020-09-24|0.0
2020-09-25|0.0
2020-09-26|0.0
2020-09-28|0.0
2020-09-29|0.0
2020-09-30|0.0
2020-10-01|0.0
2020-10-02|0.0
2020-10-03|0.0
2020-10-05|0.0
2020-10-10|0.0
2020-10-11|-0.9990863800048828
2020-10-12|0.0
2020-10-13|0.0
2020-10-15|0.0
2020-10-16|0.0
2020-10-17|0.0
2020-10-19|0.0
2020-10-21|0.0
2020-10-22|0.0
2020-10-23|0.0
2020-10-24|0.0
2020-10-26|0.0
2020-10-27|0.0
2020-10-29|0.0
2020-10-30|0.0
2020-10-31|0.0
2020-11-03|0.0
2020-11-06|-0.49999964237213135
2020-11-07|0.0
2020-11-09|0.0
2020-11-10|0.0
2020-11-11|0.0
2020-11-14|0.0
2020-11-16|0.0
2020-11-17|0.0
2020-11-19|0.4999999403953552
2020-11-21|0.0
2020-11-23|0.0
2020-11-24|0.0
2020-11-25|0.0
2020-11-26|0.0
2020-11-27|0.0
2020-11-28|0.0
2020-11-30|-0.33333301544189453
2020-12-01|0.0
2020-12-05|0.0
2020-12-08|0.0
2020-12-09|0.0
2020-12-11|0.0
2020-12-12|0.0
2020-12-14|0.0
2020-12-16|0.0
2020-12-17|0.0
2020-12-18|0.0
2020-12-20|0.0
2020-12-21|-0.4702949523925781
2020-12-22|0.0
2020-12-23|0.0
2020-12-27|0.0
2020-12-29|0.0
2020-12-30|0.0
2020-12-31|0.0
2021-01-01|-0.11035352945327759
2021-01-05|0.0
2021-01-06|0.0
2021-01-07|0.0
2021-01-10|0.0
2021-01-11|0.0
2021-01-12|0.0
2021-01-14|0.9955457448959351
2021-01-15|0.0
2021-01-16|0.0
2021-01-17|0.0
2021-01-20|0.0
2021-01-21|0.0
2021-01-22|0.0
2021-01-23|0.0
2021-01-24|0.0
2021-01-25|0.0
2021-01-26|-0.24465250968933105
2021-01-27|0.0
2021-01-28|0.0
2021-01-29|0.0
2021-01-30|0.0
2021-01-31|0.0
2021-02-01|0.0
2021-02-02|0.0
2021-02-04|0.0
2021-02-05|0.0
2021-02-06|0.0
2021-02-10|0.0
2021-02-11|0.0
2021-02-12|0.0
2021-02-13|0.0
2021-02-15|0.0
2021-02-16|0.0
2021-02-17|0.0
2021-02-18|0.0
2021-02-20|0.0
2021-02-21|0.0
2021-02-23|0.0
2021-02-25|0.0
2021-02-26|0.0
2021-02-28|0.0
2021-03-01|0.0
2021-03-02|0.0
2021-03-04|0.0
2021-03-05|0.0
2021-03-07|0.0
2021-03-08|0.0
2021-03-10|0.0
2021-03-11|0.0
2021-03-12|0.0
2021-03-13|0.0
2021-03-14|0.0
2021-03-15|0.0
2021-03-16|0.0
2021-03-18|0.0
2021-03-20|0.0
2021-03-21|0.0
2021-03-23|0.0
2021-03-25|0.1666584610939026
2021-03-26|0.0
2021-03-27|0.0
2021-03-28|0.0
2021-03-30|0.0
2021-03-31|0.0
2021-04-01|0.0
2021-04-02|0.0
2021-04-03|0.0
2021-04-04|0.0
2021-04-05|0.0
2021-04-06|0.0
2021-04-07|0.0
2021-04-08|0.0
2021-04-09|0.0
2021-04-11|0.0
2021-04-12|0.0
2021-04-13|0.0
2021-04-15|0.0
2021-04-19|0.0
2021-04-20|0.0
2021-04-21|-0.3328090012073517
2021-04-22|0.0
2021-04-25|0.0
2021-04-26|0.0
2021-04-27|0.0
2021-04-28|0.0
2021-04-29|0.0
2021-04-30|0.0
2021-05-01|0.0
2021-05-02|0.0
2021-05-04|0.0
2021-05-06|0.0
2021-05-08|0.0
2021-05-09|0.0
2021-05-11|0.0
2021-05-12|0.0
2021-05-13|0.0
2021-05-14|0.0
2021-05-15|0.0
2021-05-16|0.0
2021-05-17|-0.4970632791519165
2021-05-18|0.0
2021-05-19|-0.8797200918197632
2021-05-20|0.0
2021-05-22|0.0
2021-05-23|0.0
2021-05-25|0.0
2021-05-27|0.0
2021-05-30|-0.20162081718444824
2021-05-31|0.0
2021-06-01|0.0
2021-06-02|0.0
2021-06-04|0.0
2021-06-05|0.0
2021-06-06|0.09131848067045212
2021-06-08|0.0
2021-06-09|0.33137508233388263
2021-06-10|0.0
2021-06-11|0.0
2021-06-13|0.0
2021-06-15|0.0
2021-06-16|0.0
2021-06-17|0.0
2021-06-18|0.0
2021-06-19|0.0
2021-06-20|0.0
2021-06-22|0.0
2021-06-24|0.0
2021-06-27|0.0
2021-06-30|0.10797975957393646
2021-07-01|0.0
2021-07-03|0.0
2021-07-04|0.0
2021-07-05|0.0
2021-07-07|0.0
2021-07-09|0.0
2021-07-11|0.0
2021-07-12|0.0
2021-07-14|0.0
2021-07-15|0.0
2021-07-16|0.0
2021-07-18|0.0
2021-07-21|0.0
2021-07-22|0.0
2021-07-23|0.0
2021-07-24|0.0
2021-07-25|0.0
2021-07-27|0.0
2021-07-30|0.727465808391571
2021-07-31|-0.4992135018110275
2021-08-01|0.0
2021-08-03|0.0
2021-08-05|0.0
2021-08-07|0.0
2021-08-08|0.0
2021-08-09|0.0
2021-08-10|0.0
2021-08-13|0.0
2021-08-14|0.0
2021-08-16|0.0
2021-08-17|0.0
2021-08-18|0.0
2021-08-19|0.0
2021-08-22|-0.49991175532341003
2021-08-24|0.0
2021-08-26|0.0
2021-08-27|0.0
2021-08-29|0.0
2021-08-30|-0.21822011470794678
2021-08-31|0.0
2021-09-03|0.0
2021-09-04|0.0
2021-09-05|0.0
2021-09-07|0.0
2021-09-08|0.3333110809326172
2021-09-10|0.0
2021-09-11|-0.3333303928375244
2021-09-12|0.0
2021-09-14|0.0
2021-09-15|0.0
2021-09-16|0.0
2021-09-17|0.0
2021-09-19|0.0
2021-09-23|0.0
2021-09-24|-0.12496387213468552
2021-09-25|-0.712612509727478
2021-09-26|0.0
2021-09-28|0.0
2021-09-29|0.0
2021-10-01|0.16666666666666666
2021-10-03|0.0
2021-10-04|0.0
2021-10-05|-0.2499486356973648
2021-10-10|0.0
2021-10-12|0.0
2021-10-13|0.0
2021-10-14|0.0
2021-10-15|0.0
2021-10-17|0.0
2021-10-18|0.0
2021-10-19|0.0
2021-10-21|0.0
2021-10-24|0.0
2021-10-25|0.0
2021-10-26|0.0
2021-10-27|0.0
2021-10-28|-0.9417541027069092
2021-10-30|0.0
2021-10-31|0.0
2021-11-02|0.0
2021-11-03|0.0
2021-11-04|0.9816873669624329
2021-11-05|0.0
2021-11-07|0.0
2021-11-09|0.0
2021-11-11|0.0
2021-11-12|0.0
2021-11-13|0.0
2021-11-14|0.0
2021-11-15|0.0
2021-11-16|0.0
2021-11-17|0.0
2021-11-18|0.0
2021-11-19|0.0
2021-11-21|0.0
2021-11-22|-0.9661598205566406
2021-11-26|0.0
2021-11-28|0.0
2021-11-30|0.13730964064598083
2021-12-01|0.0
2021-12-05|0.0
2021-12-06|0.0
2021-12-07|0.0
2021-12-08|-0.3420642912387848
2021-12-13|0.0
2021-12-14|0.0
2021-12-15|0.0
2021-12-16|0.49982768297195435
2021-12-17|0.0
2021-12-19|0.0
2021-12-20|0.0
2021-12-23|0.0
2021-12-30|0.0
2021-12-31|0.0
2022-01-01|-0.09346395163309007
2022-01-02|0.0
2022-01-04|0.0
2022-01-05|0.0
2022-01-06|0.0
2022-01-07|0.0
2022-01-08|0.0
2022-01-09|0.0
2022-01-11|0.434076726436615
2022-01-12|0.0
2022-01-13|0.0
2022-01-20|0.0
2022-01-21|0.46252673864364624
2022-01-23|0.0
2022-01-25|-0.3294745087623596
2022-01-27|0.0
2022-01-28|0.0
2022-01-30|0.3333333333333333
2022-01-31|-0.18922746181488037
2022-02-01|0.0
2022-02-04|0.0
2022-02-06|0.0
2022-02-08|0.0
2022-02-11|0.0
2022-02-12|0.0
2022-02-15|0.0
2022-02-17|0.0
2022-02-19|0.0
2022-02-20|0.0
2022-02-21|0.0
2022-02-22|0.0
2022-02-24|0.0
2022-02-25|0.0
2022-02-27|0.0
2022-02-28|0.0
2022-03-01|0.0
2022-03-02|0.0
2022-03-06|0.0
2022-03-07|0.0
2022-03-08|0.0
2022-03-09|0.5
2022-03-11|0.0
2022-03-13|0.0
2022-03-16|0.0
2022-03-17|0.0
2022-03-18|0.0
2022-03-20|0.0
2022-03-22|0.0
2022-03-23|0.33328890800476074
2022-03-24|0.0
2022-03-25|-0.32794175545374554
2022-03-26|0.0
2022-03-27|0.0
2022-03-28|0.0
2022-03-29|0.0
2022-03-30|0.0
2022-03-31|0.0
2022-04-01|0.0
2022-04-03|0.0
2022-04-05|0.0
2022-04-06|0.0
2022-04-07|0.0
2022-04-08|0.0
2022-04-09|0.0
2022-04-13|0.0
2022-04-14|-0.09101759062872992
2022-04-16|-0.4968833327293396
2022-04-17|0.0
2022-04-18|0.0
2022-04-19|0.0
2022-04-20|0.0
2022-04-21|0.0
2022-04-22|0.0
2022-04-24|0.0
2022-04-25|0.0
2022-04-26|0.0
2022-04-27|0.0
2022-04-28|0.0
2022-04-29|0.0
2022-05-01|0.0
2022-05-03|0.0
2022-05-04|0.0
2022-05-08|0.0
2022-05-10|0.0
2022-05-11|0.0
2022-05-13|0.0
2022-05-14|0.9986411929130554
2022-05-15|0.0
2022-05-19|0.0
2022-05-21|0.0
2022-05-22|0.0
2022-05-23|-0.9990777969360352
2022-05-24|0.0
2022-05-25|0.0
2022-05-26|0.0
2022-05-27|0.0
2022-05-28|0.0
2022-05-29|0.0
2022-05-30|0.0
2022-06-01|0.0
2022-06-02|0.0
2022-06-05|0.0
2022-06-06|-0.09319326281547546
2022-06-08|0.0
2022-06-10|0.0
2022-06-12|0.0
2022-06-13|0.0
2022-06-14|0.0
2022-06-15|0.0
2022-06-16|0.0
2022-06-17|0.0
2022-06-19|0.0
2022-06-20|-0.1452470302581787
2022-06-21|0.0
2022-06-22|0.0
2022-06-23|0.0
2022-06-24|0.0
2022-06-26|0.0
2022-06-27|0.0
2022-06-28|0.0
2022-06-29|0.0
2022-06-30|0.0
2022-07-01|-0.16664902369181314
2022-07-03|0.0
2022-07-05|0.0
2022-07-06|0.0
2022-07-07|0.0
2022-07-08|0.24999529123306274
2022-07-09|0.0
2022-07-10|0.0
2022-07-11|-0.4997466802597046
2022-07-14|-0.1999621033668518
2022-07-15|0.0
2022-07-16|0.0
2022-07-17|0.0
2022-07-19|0.0
2022-07-20|0.0
2022-07-21|0.0
2022-07-22|-0.32962481180826825
2022-07-23|0.0
2022-07-24|-0.4999682307243347
2022-07-26|0.0
2022-07-28|0.0
2022-07-29|0.0
2022-07-30|0.0
2022-07-31|0.0
2022-08-01|0.0
2022-08-02|0.0
2022-08-04|0.0
2022-08-06|0.0
2022-08-07|0.0
2022-08-08|-0.24999958276748657
2022-08-09|0.26279371976852417
2022-08-10|0.0
2022-08-11|0.0
2022-08-13|0.0
2022-08-14|0.0
2022-08-16|0.0
2022-08-17|0.0
2022-08-18|0.0
2022-08-19|0.0
2022-08-21|0.0
2022-08-22|0.0
2022-08-23|0.0
2022-08-24|0.0
2022-08-25|0.0
2022-08-26|0.0
2022-08-27|0.0
2022-08-28|0.0
2022-08-29|-0.16055690248807272
2022-08-30|0.0
2022-08-31|0.0
2022-09-01|0.0
2022-09-02|0.0
2022-09-04|0.0
2022-09-09|0.0
2022-09-11|0.0
2022-09-12|0.0
2022-09-13|0.0
2022-09-14|0.2499951720237732
2022-09-15|0.0
2022-09-16|-0.10633054971694947
2022-09-18|0.0
2022-09-19|0.0
2022-09-20|0.0
2022-09-21|0.0
2022-09-23|0.0
2022-09-24|0.0
2022-09-25|0.0
2022-09-26|-0.39894065260887146
2022-09-27|0.0
2022-09-28|0.0
2022-09-30|-0.4994395673274994
2022-10-02|0.0
2022-10-03|0.0
2022-10-04|0.0
2022-10-05|0.0
2022-10-06|0.0
2022-10-07|0.0
2022-10-08|0.0
2022-10-10|0.0
2022-10-11|0.0
2022-10-12|0.0
2022-10-13|0.0
2022-10-16|0.0
2022-10-17|0.0
2022-10-18|0.0
2022-10-19|0.0
2022-10-20|0.0
2022-10-21|0.0
2022-10-22|0.0
2022-10-23|0.0
2022-10-24|0.0
2022-10-25|0.0
2022-10-26|0.0
2022-10-27|-0.31500680446624757
2022-10-28|0.0
2022-10-29|0.0
2022-10-30|0.0
2022-10-31|-0.49998706579208374
2022-11-02|0.0
2022-11-04|0.0
2022-11-05|-0.9999567270278931
2022-11-07|0.0
2022-11-09|0.0
2022-11-11|0.0
2022-11-13|0.0
2022-11-16|0.0
2022-11-17|0.0
2022-11-18|0.0
2022-11-19|0.0
2022-11-20|0.0
2022-11-21|0.0
2022-11-22|0.0
2022-11-23|0.0
2022-11-24|0.0
2022-11-25|0.0
2022-11-28|0.0
2022-11-29|0.0
2022-11-30|0.0
2022-12-01|-0.00017491976420084635
2022-12-02|0.0
2022-12-03|0.0
2022-12-06|0.0
2022-12-07|0.0
2022-12-09|0.0
2022-12-12|0.0
2022-12-13|0.4999678134918213
2022-12-14|0.0
2022-12-15|0.33306262890497845
2022-12-16|0.0
2022-12-17|0.0
2022-12-18|0.0
2022-12-22|0.0
2022-12-23|0.0
2022-12-25|0.0
2022-12-27|0.0
2022-12-29|0.0
2022-12-30|0.0
2022-12-31|0.0
2023-01-01|0.0
2023-01-02|0.0
2023-01-03|0.0
2023-01-04|0.0
2023-01-06|0.0
2023-01-07|0.0
2023-01-08|-0.4236588478088379
2023-01-10|0.0
2023-01-11|0.0
2023-01-12|0.0
2023-01-15|0.0
2023-01-16|0.0
2023-01-17|0.0
2023-01-19|0.0
2023-01-22|0.0
2023-01-23|0.0
2023-01-24|0.0
2023-01-25|0.0
2023-01-26|0.0
2023-01-27|0.0
2023-01-28|0.0
2023-01-29|0.0
2023-01-30|0.0
2023-01-31|0.0
2023-02-01|0.0
2023-02-03|0.0
2023-02-05|0.0
2023-02-06|0.0
2023-02-08|0.0
2023-02-09|0.0
2023-02-10|0.0
2023-02-15|0.0
2023-02-16|0.0
2023-02-17|0.0
2023-02-19|0.0
2023-02-21|0.0
2023-02-22|0.0
2023-02-23|0.0
2023-02-24|0.0
2023-02-26|0.0
2023-02-27|0.0
2023-02-28|0.0
2023-03-02|0.0
2023-03-03|0.0
2023-03-05|0.0
2023-03-07|0.0
2023-03-08|0.0
2023-03-10|0.0
2023-03-12|0.0
2023-03-13|0.0
2023-03-14|0.0
2023-03-16|0.0
2023-03-17|0.0
2023-03-18|0.999829888343811
2023-03-20|0.0
2023-03-22|0.14258274010249547
2023-03-23|0.0
2023-03-24|0.0
2023-03-26|0.0
2023-03-27|0.0
2023-03-28|0.0
2023-03-30|0.0
2023-03-31|0.0
2023-04-01|0.42060670256614685
2023-04-03|0.0
2023-04-04|0.0
2023-04-05|0.0
2023-04-06|0.0
2023-04-07|0.0
2023-04-08|0.0
2023-04-09|0.0
2023-04-10|0.0
2023-04-11|0.0
2023-04-12|0.0
2023-04-13|0.0
2023-04-14|0.0
2023-04-16|0.0
2023-04-17|0.0
2023-04-18|0.0
2023-04-19|0.0
2023-04-20|0.0
2023-04-22|0.0
2023-04-23|0.5301435788472494
2023-04-24|0.0
2023-04-25|0.0
2023-04-27|0.0
2023-04-28|0.0
2023-05-01|0.0
2023-05-02|0.0
2023-05-03|0.0
2023-05-05|0.0
2023-05-06|0.0
2023-05-08|0.0
2023-05-09|0.0
2023-05-10|0.0
2023-05-11|0.0
2023-05-12|0.0
2023-05-14|0.0
2023-05-15|0.0
2023-05-16|0.0
2023-05-18|0.0
2023-05-19|0.0
2023-05-21|0.0
2023-05-23|0.0
2023-05-24|0.0
2023-05-25|0.0
2023-05-26|0.0
2023-05-28|0.0
2023-05-31|-0.9830650091171265
2023-06-02|0.0
2023-06-03|0.0
2023-06-04|0.0
2023-06-05|0.0
2023-06-08|0.0
2023-06-09|0.16665116945902506
2023-06-11|0.0
2023-06-12|0.0
2023-06-13|0.0
2023-06-15|0.0
2023-06-16|0.0
2023-06-19|0.0
2023-06-21|0.0
2023-06-22|0.0
2023-06-23|0.0
2023-06-26|0.0
2023-06-27|0.0
2023-06-28|-0.36419257521629333
2023-06-29|0.0
2023-06-30|0.0
2023-07-01|0.0
2023-07-02|0.0
2023-07-04|0.0
2023-07-07|0.0
2023-07-09|0.0
2023-07-10|0.0
2023-07-11|0.0
2023-07-12|0.0
2023-07-13|0.0
2023-07-14|0.0
2023-07-15|0.0
2023-07-17|0.0
2023-07-18|0.0
2023-07-19|0.0
2023-07-20|0.0
2023-07-21|0.0
2023-07-23|0.0
2023-07-24|0.0
2023-07-25|0.0
2023-07-26|0.0
2023-07-27|0.0
2023-07-28|0.0
2023-07-30|0.0
2023-08-01|0.0
2023-08-02|-0.1996208667755127
2023-08-03|0.0
2023-08-04|0.0
2023-08-06|0.0
2023-08-08|0.0
2023-08-09|0.0
2023-08-10|0.0
2023-08-12|0.0
2023-08-13|0.0
2023-08-16|0.0
2023-08-17|0.0
2023-08-18|0.0
2023-08-19|-0.8141963481903076
2023-08-20|0.0
2023-08-21|0.0
2023-08-22|0.0
2023-08-23|0.0
2023-08-24|0.0
2023-08-26|0.0
2023-08-30|0.0
2023-08-31|0.0
2023-09-01|0.0
2023-09-02|0.0
2023-09-04|0.0
2023-09-05|0.0
2023-09-06|0.0
2023-09-07|0.0
2023-09-08|0.0
2023-09-09|0.0
2023-09-10|0.0
2023-09-11|0.0
2023-09-12|0.0
2023-09-13|0.0
2023-09-14|0.0
2023-09-15|0.0
2023-09-17|0.0
2023-09-18|0.0
2023-09-19|0.3333293596903483
2023-09-20|0.0
2023-09-21|0.33211614688237506
2023-09-22|-0.999618649482727
2023-09-24|0.0
2023-09-25|0.0
2023-09-26|0.0
2023-09-27|0.0
2023-09-28|0.0
2023-09-30|0.0
2023-10-03|0.0
2023-10-06|0.0
2023-10-07|0.0
2023-10-08|0.0
2023-10-13|0.0
2023-10-16|0.0
2023-10-19|-0.4984598755836487
2023-10-20|0.0
2023-10-21|0.0
2023-10-24|0.0
2023-10-26|0.0
2023-10-27|0.0
2023-10-28|0.0
2023-10-30|0.0
2023-10-31|0.0
2023-11-02|0.0
2023-11-03|0.0
2023-11-05|0.0
2023-11-07|0.0
2023-11-08|0.0
2023-11-12|0.0
2023-11-13|0.0
2023-11-16|0.0
2023-11-17|0.0
2023-11-18|0.0
2023-11-21|0.0
2023-11-22|0.0
2023-11-23|0.0
2023-11-24|0.0
2023-11-26|0.0
2023-11-27|0.0
2023-11-28|0.0
2023-11-29|0.0
2023-11-30|0.0
2023-12-01|0.0
2023-12-05|0.0
2023-12-07|0.0
2023-12-08|-0.3329582413037618
2023-12-10|-0.973212480545044
2023-12-11|0.0
2023-12-14|0.0
2023-12-16|0.0
2023-12-20|0.0
2023-12-21|0.0
2023-12-24|0.0
2023-12-26|0.0
2023-12-31|0.0
2024-01-01|0.1111111111111111
2024-01-02|0.0
2024-01-03|0.0
2024-01-06|0.0
2024-01-10|0.0
2024-01-11|0.0
2024-01-12|0.0
2024-01-14|0.0
2024-01-18|0.0
2024-01-21|0.0
2024-01-23|0.0
2024-01-24|0.0
2024-01-25|0.0
2024-01-26|0.0
2024-01-31|0.0
2024-02-01|0.0
2024-02-02|0.0
2024-02-03|0.0
2024-02-06|0.0
2024-02-07|0.0
2024-02-08|0.0
2024-02-15|0.0
2024-02-16|0.0
2024-02-22|0.0
2024-02-23|0.0
2024-02-27|0.0
2024-02-28|0.0
2024-02-29|0.0
2024-03-01|0.0
2024-03-05|0.0
2024-03-07|0.0
2024-03-08|0.0
2024-03-12|0.0
2024-03-14|0.0
2024-03-15|0.0
2024-03-16|0.0
2024-03-18|-0.4868493974208832
2024-03-20|0.0
2024-03-21|0.0
2024-03-22|-0.22494614124298096
2024-03-26|0.0
2024-03-27|0.0
2024-03-28|0.0
2024-03-30|0.0
2024-03-31|0.0
2024-04-01|0.37582099437713623
2024-04-02|0.0
2024-04-03|0.0
2024-04-04|0.0
2024-04-05|0.0
2024-04-06|0.33333130677541095
2024-04-07|0.0
2024-04-08|0.0
2024-04-09|0.0
2024-04-10|0.0
2024-04-11|0.0
2024-04-12|0.0
2024-04-15|0.4999999403953552
2024-04-16|0.0
2024-04-18|0.0
2024-04-20|0.0
2024-04-23|-0.3313586711883545
2024-04-24|0.0
2024-04-25|0.0
2024-04-26|0.0
2024-04-27|0.0
2024-04-29|0.0
2024-04-30|0.0
2024-05-02|0.0
2024-05-03|0.0
2024-05-07|0.0
2024-05-08|0.0
2024-05-10|0.0
2024-05-14|-0.2960012157758077
2024-05-15|0.0
2024-05-16|0.0
2024-05-17|0.3333333333333333
2024-05-18|0.0
2024-05-21|0.0
2024-05-22|0.0
2024-05-23|0.0
2024-05-25|0.0
2024-05-27|0.0
2024-05-28|0.0
2024-05-30|0.0
2024-05-31|-0.16665699084599814
2024-06-04|0.0
2024-06-07|-0.3333306709925334
2024-06-08|0.0
2024-06-10|0.0
2024-06-12|0.0
2024-06-13|0.0
2024-06-14|0.0
2024-06-16|0.0
2024-06-20|-0.4995482563972473
2024-06-22|0.0
2024-06-23|0.0
2024-06-24|0.0
2024-06-25|0.0
2024-06-26|0.0
2024-06-28|0.0
2024-06-29|0.684087336063385
2024-07-01|0.0
2024-07-02|0.0
2024-07-04|0.0
2024-07-05|0.0
2024-07-09|-0.14585713545481363
2024-07-12|0.9999082088470459
2024-07-14|0.0
2024-07-15|0.0
2024-07-18|0.0
2024-07-19|0.0
2024-07-21|0.6666633288065592
2024-07-22|0.0
2024-07-23|0.0
2024-07-25|0.0
2024-07-26|0.0
2024-07-28|0.0
2024-07-29|0.0
2024-07-30|0.2
2024-08-01|0.8762019872665405
2024-08-06|0.0
2024-08-07|0.0
2024-08-08|0.0
2024-08-10|0.0
2024-08-12|0.0
2024-08-15|0.489521324634552
2024-08-16|0.0
2024-08-18|0.0
2024-08-21|0.0
2024-08-22|0.0
2024-08-23|0.0
2024-08-27|0.0
2024-08-28|-0.35799121856689453
2024-08-29|0.0
2024-08-30|0.0
2024-09-01|0.0
2024-09-02|0.0
2024-09-03|0.0
2024-09-04|0.0
2024-09-06|0.33313103516896564
2024-09-08|0.0
2024-09-09|0.0
2024-09-10|0.5276938080787659
2024-09-12|0.0
2024-09-13|0.0
2024-09-15|0.0
2024-09-16|0.0
2024-09-17|0.0
2024-09-19|0.0
2024-09-20|0.0
2024-09-21|0.0
2024-09-22|-0.4385506709416707
2024-09-24|0.0
2024-09-25|0.0
2024-09-26|0.0
2024-09-27|0.0
2024-09-28|0.0
2024-09-30|0.0
2024-10-01|0.4
2024-10-02|0.0
2024-10-03|0.0
2024-10-04|-0.3891766369342804
2024-10-05|0.0
2024-10-06|0.0
2024-10-07|0.0
2024-10-09|0.0
2024-10-10|0.0
2024-10-14|0.0
2024-10-15|0.0
2024-10-16|0.0
2024-10-17|-0.2634662588437398
2024-10-19|0.0
2024-10-22|0.0
2024-10-24|0.0
2024-10-26|0.0
2024-10-31|0.0
2024-11-01|-0.5873452425003052
2024-11-05|0.0
2024-11-06|0.0
2024-11-10|0.0
2024-11-12|0.0
2024-11-14|0.19997575283050537
2024-11-16|0.0
2024-11-17|0.0
2024-11-19|-0.044411420822143555
2024-11-21|0.0
2024-11-22|-0.2367779016494751
2024-11-23|0.0
2024-11-24|0.0
2024-11-26|-0.2980101406574249
2024-11-27|0.0
2024-11-29|0.0
2024-11-30|0.0
2024-12-02|0.0
2024-12-03|0.0
2024-12-05|0.0
2024-12-06|0.0
2024-12-10|0.0
2024-12-12|0.0
2024-12-13|0.0
2024-12-14|0.0
2024-12-16|0.0
2024-12-18|0.0
2024-12-19|0.24984732270240784
2024-12-20|0.0
2024-12-23|0.0
2024-12-24|0.0
2024-12-26|0.0
2024-12-29|0.0
2025-01-01|0.2830520101955959
2025-01-03|0.0
2025-01-08|0.0
2025-01-10|0.0
2025-01-14|0.0
2025-01-18|0.9966109395027161
2025-01-20|0.0
2025-01-22|0.0
2025-01-23|0.1799357533454895
2025-01-24|0.0
2025-01-25|0.0
2025-01-26|0.0
2025-01-28|0.0
2025-01-31|-0.4994547367095947
2025-02-01|0.0
2025-02-03|0.0
2025-02-08|0.0
2025-02-09|0.0
2025-02-11|-0.4488774836063385
2025-02-12|0.0
2025-02-13|0.0
2025-02-14|0.0
2025-02-20|0.0
2025-02-21|0.9999996423721313
2025-02-23|0.0
2025-02-24|0.0
2025-02-25|0.0
2025-02-27|0.0
2025-02-28|0.0
2025-03-01|0.0
2025-03-02|0.0
2025-03-04|0.0
2025-03-05|0.0
2025-03-06|0.0
2025-03-07|0.0
2025-03-08|-0.43603917956352234
2025-03-10|0.9894838035106659
2025-03-11|0.0
2025-03-12|0.0
2025-03-13|0.0
2025-03-14|0.0
2025-03-15|0.0
2025-03-16|0.0
2025-03-19|0.0
2025-03-20|0.0
2025-03-21|0.0
2025-03-22|0.6653815607229868
2025-03-23|0.0
2025-03-24|0.0
2025-03-25|0.0
2025-03-26|0.0
2025-03-28|0.33332685629526776
2025-03-29|0.0
2025-04-01|0.0
2025-04-03|0.0
2025-04-04|0.0
2025-04-05|0.0
2025-04-06|0.0
2025-04-07|0.0
2025-04-09|0.0
2025-04-10|0.0
2025-04-11|0.0
2025-04-13|0.0
2025-04-15|0.0
2025-04-16|0.0
2025-04-18|0.0
2025-04-19|-0.49998289346694946
2025-04-21|0.0
2025-04-22|0.0
2025-04-23|0.2799458844321115
2025-04-24|0.0
2025-04-25|0.0
2025-04-26|0.0
2025-04-27|0.0
2025-04-28|0.0
2025-04-29|0.0
2025-04-30|0.0
2025-05-01|-0.3325708707173665
2025-05-02|0.0
2025-05-03|0.0
2025-05-05|-0.5276990532875061
2025-05-06|0.0
2025-05-08|0.0
2025-05-09|0.0
2025-05-10|0.0
2025-05-13|0.0
2025-05-17|0.0
2025-05-19|0.0
2025-05-20|0.0
2025-05-22|0.0
2025-05-27|0.0
2025-05-30|-0.5582929253578186
2025-05-31|0.03570348024368286
2025-06-05|0.0
2025-06-07|0.0
2025-06-10|0.0
2025-06-11|0.0
2025-06-12|0.0
2025-06-13|0.0
2025-06-15|0.0
2025-06-16|0.0
2025-06-17|0.0
2025-06-18|0.0
2025-06-19|0.0
2025-06-20|0.0
2025-06-24|-0.20741262038548788
2025-06-27|0.0
2025-06-29|0.0
2025-07-01|0.0
2025-07-02|0.0
2025-07-03|0.0
2025-07-04|0.0
2025-07-07|-0.24011053144931793
2025-07-08|0.0
2025-07-09|-0.8581440448760986
2025-07-10|0.0
2025-07-11|0.0
2025-07-13|0.0
2025-07-14|0.0
2025-07-15|0.0
2025-07-16|0.0
2025-07-17|0.0
2025-07-18|0.0
2025-07-20|0.0
2025-07-21|-0.33151302735010785
2025-07-22|0.0
2025-07-23|0.0
2025-07-24|0.0
2025-07-27|0.0
2025-07-28|-0.9999973773956299
2025-07-29|0.0
2025-07-31|0.0
2025-08-01|0.0
2025-08-04|0.9999998807907104
2025-08-07|0.0
2025-08-08|0.0
2025-08-16|0.0
2025-08-17|0.0
2025-08-18|0.0
2025-08-19|0.0
2025-08-20|0.0
2025-08-22|0.0
2025-08-23|0.0
2025-08-24|0.9992315769195557
2025-08-26|0.66666313012441
2025-08-29|0.0
2025-09-01|0.0
2025-09-02|0.0
2025-09-03|0.0
2025-09-05|0.0
2025-09-12|0.0
2025-09-13|0.0
2025-09-16|-0.9292224049568176
2025-09-17|0.0
2025-09-18|0.0
2025-09-21|0.0
2025-09-22|0.0
2025-09-23|0.0
2025-09-24|0.0
2025-09-25|0.0
2025-09-26|-0.24999907612800598
2025-09-27|0.0
2025-09-28|0.3327777187029521
